/* Generated by tools/gen-windows-zones.py; do not edit.
 * Derived from Unicode CLDR windowsZones.xml (UNICODE LICENSE V3).
 * See tools/timezone/cldr/LICENSE for the copyright and permission notice.
 * CLDR commit: 11f1f63d9390d1644c66a6b0704571de3cca4cbf
 * CLDR date: 2026-10-07T02:57:03Z
 * XML SHA-256: 9cf3db6a31fb382fee21b70be6feba1e82766b0fcd06e6261fb7936a73e537ff
 * tz commit: 039ef27cc5f062a2055cb67435d6d71adbefd27d
 * Binary SHA-256: 88771858709d3271b1faf340b2061c3caac8428ca6e0eda7576703b771dfa439
 */
static const unsigned char qjs_windows_zone_data[] = {
    0x57, 0x54, 0x5a, 0x31, 0xfb, 0x3d, 0x00, 0x00, 0x8b, 0x00, 0xf4, 0x01,
    0x08, 0x14, 0x00, 0x00, 0x00, 0x00, 0x00, 0x00, 0x02, 0x00, 0x00, 0x00,
    0x25, 0x00, 0x02, 0x00, 0x02, 0x00, 0x00, 0x00, 0xac, 0x00, 0x04, 0x00,
    0x02, 0x00, 0x00, 0x00, 0xd0, 0x00, 0x06, 0x00, 0x02, 0x00, 0x00, 0x00,
    0xf1, 0x00, 0x08, 0x00, 0x06, 0x00, 0x00, 0x00, 0x3e, 0x01, 0x0e, 0x00,
    0x04, 0x00, 0x00, 0x00, 0x75, 0x01, 0x12, 0x00, 0x02, 0x00, 0x00, 0x00,
    0x97, 0x01, 0x14, 0x00, 0x02, 0x00, 0x00, 0x00, 0xd5, 0x02, 0x16, 0x00,
    0x02, 0x00, 0x00, 0x00, 0x20, 0x03, 0x18, 0x00, 0x04, 0x00, 0x00, 0x00,
    0xaa, 0x03, 0x1c, 0x00, 0x02, 0x00, 0x00, 0x00, 0xd5, 0x03, 0x1e, 0x00,
    0x02, 0x00, 0x00, 0x00, 0x02, 0x04, 0x20, 0x00, 0x02, 0x00, 0x00, 0x00,
    0x52, 0x04, 0x22, 0x00, 0x02, 0x00, 0x00, 0x00, 0x75, 0x04, 0x24, 0x00,
    0x03, 0x00, 0x00, 0x00, 0xaf, 0x04, 0x27, 0x00, 0x02, 0x00, 0x00, 0x00,
    0xd1, 0x04, 0x29, 0x00, 0x03, 0x00, 0x00, 0x00, 0x02, 0x05, 0x2c, 0x00,
    0x02, 0x00, 0x00, 0x00, 0x25, 0x05, 0x2e, 0x00, 0x02, 0x00, 0x00, 0x00,
    0x55, 0x05, 0x30, 0x00, 0x02, 0x00, 0x00, 0x00, 0xa6, 0x05, 0x32, 0x00,
    0x03, 0x00, 0x00, 0x00, 0xdd, 0x05, 0x35, 0x00, 0x02, 0x00, 0x00, 0x00,
    0x01, 0x06, 0x37, 0x00, 0x02, 0x00, 0x00, 0x00, 0x5a, 0x06, 0x39, 0x00,
    0x09, 0x00, 0x00, 0x00, 0x00, 0x07, 0x42, 0x00, 0x06, 0x00, 0x00, 0x00,
    0x5e, 0x07, 0x48, 0x00, 0x02, 0x00, 0x00, 0x00, 0xb1, 0x07, 0x4a, 0x00,
    0x08, 0x00, 0x00, 0x00, 0x3e, 0x08, 0x52, 0x00, 0x05, 0x00, 0x00, 0x00,
    0x97, 0x08, 0x57, 0x00, 0x07, 0x00, 0x00, 0x00, 0x20, 0x09, 0x5e, 0x00,
    0x04, 0x00, 0x00, 0x00, 0x47, 0x0a, 0x62, 0x00, 0x02, 0x00, 0x00, 0x00,
    0xd8, 0x0a, 0x64, 0x00, 0x02, 0x00, 0x00, 0x00, 0x06, 0x0b, 0x66, 0x00,
    0x04, 0x00, 0x00, 0x00, 0x42, 0x0b, 0x6a, 0x00, 0x02, 0x00, 0x00, 0x00,
    0x64, 0x0b, 0x6c, 0x00, 0x02, 0x00, 0x00, 0x00, 0x86, 0x0b, 0x6e, 0x00,
    0x0d, 0x00, 0x00, 0x00, 0x5f, 0x0c, 0x7b, 0x00, 0x02, 0x00, 0x00, 0x00,
    0xb3, 0x0c, 0x7d, 0x00, 0x02, 0x00, 0x00, 0x00, 0xdb, 0x0c, 0x7f, 0x00,
    0x02, 0x00, 0x00, 0x00, 0x0c, 0x0d, 0x81, 0x00, 0x02, 0x00, 0x00, 0x00,
    0x37, 0x0d, 0x83, 0x00, 0x04, 0x00, 0x00, 0x00, 0x2a, 0x0e, 0x87, 0x00,
    0x02, 0x00, 0x00, 0x00, 0x58, 0x0e, 0x89, 0x00, 0x02, 0x00, 0x00, 0x00,
    0x79, 0x0e, 0x8b, 0x00, 0x02, 0x00, 0x00, 0x00, 0xa7, 0x0e, 0x8d, 0x00,
    0x02, 0x00, 0x00, 0x00, 0xc7, 0x0e, 0x8f, 0x00, 0x08, 0x00, 0x00, 0x00,
    0x3d, 0x0f, 0x97, 0x00, 0x02, 0x00, 0x00, 0x00, 0x61, 0x0f, 0x99, 0x00,
    0x09, 0x00, 0x00, 0x00, 0xff, 0x0f, 0xa2, 0x00, 0x02, 0x00, 0x00, 0x00,
    0x27, 0x10, 0xa4, 0x00, 0x10, 0x00, 0x00, 0x00, 0x2d, 0x11, 0xb4, 0x00,
    0x04, 0x00, 0x00, 0x00, 0x7a, 0x11, 0xb8, 0x00, 0x02, 0x00, 0x00, 0x00,
    0xa5, 0x11, 0xba, 0x00, 0x05, 0x00, 0x00, 0x00, 0xf9, 0x11, 0xbf, 0x00,
    0x02, 0x00, 0x00, 0x00, 0x1b, 0x12, 0xc1, 0x00, 0x02, 0x00, 0x00, 0x00,
    0x3a, 0x12, 0xc3, 0x00, 0x02, 0x00, 0x00, 0x00, 0x5e, 0x12, 0xc5, 0x00,
    0x02, 0x00, 0x00, 0x00, 0x7e, 0x12, 0xc7, 0x00, 0x02, 0x00, 0x00, 0x00,
    0xab, 0x12, 0xc9, 0x00, 0x02, 0x00, 0x00, 0x00, 0xca, 0x12, 0xcb, 0x00,
    0x02, 0x00, 0x00, 0x00, 0xed, 0x12, 0xcd, 0x00, 0x03, 0x00, 0x00, 0x00,
    0x26, 0x13, 0xd0, 0x00, 0x02, 0x00, 0x00, 0x00, 0x52, 0x13, 0xd2, 0x00,
    0x02, 0x00, 0x00, 0x00, 0x75, 0x13, 0xd4, 0x00, 0x02, 0x00, 0x00, 0x00,
    0xca, 0x13, 0xd6, 0x00, 0x02, 0x00, 0x00, 0x00, 0xf4, 0x13, 0xd8, 0x00,
    0x04, 0x00, 0x00, 0x00, 0x38, 0x14, 0xdc, 0x00, 0x02, 0x00, 0x00, 0x00,
    0x5e, 0x14, 0xde, 0x00, 0x02, 0x00, 0x00, 0x00, 0x8a, 0x14, 0xe0, 0x00,
    0x03, 0x00, 0x00, 0x00, 0xc2, 0x14, 0xe3, 0x00, 0x04, 0x00, 0x00, 0x00,
    0x51, 0x15, 0xe7, 0x00, 0x02, 0x00, 0x00, 0x00, 0x82, 0x15, 0xe9, 0x00,
    0x03, 0x00, 0x00, 0x00, 0xb2, 0x15, 0xec, 0x00, 0x02, 0x00, 0x00, 0x00,
    0xe1, 0x15, 0xee, 0x00, 0x02, 0x00, 0x00, 0x00, 0x07, 0x16, 0xf0, 0x00,
    0x02, 0x00, 0x00, 0x00, 0x29, 0x16, 0xf2, 0x00, 0x03, 0x00, 0x00, 0x00,
    0x67, 0x16, 0xf5, 0x00, 0x02, 0x00, 0x00, 0x00, 0x93, 0x16, 0xf7, 0x00,
    0x02, 0x00, 0x00, 0x00, 0xb9, 0x16, 0xf9, 0x00, 0x02, 0x00, 0x00, 0x00,
    0xe4, 0x16, 0xfb, 0x00, 0x02, 0x00, 0x00, 0x00, 0x31, 0x17, 0xfd, 0x00,
    0x02, 0x00, 0x00, 0x00, 0x5a, 0x17, 0xff, 0x00, 0x02, 0x00, 0x00, 0x00,
    0x77, 0x17, 0x01, 0x01, 0x02, 0x00, 0x00, 0x00, 0xa1, 0x17, 0x03, 0x01,
    0x03, 0x00, 0x00, 0x00, 0xdd, 0x17, 0x06, 0x01, 0x02, 0x00, 0x00, 0x00,
    0x0c, 0x18, 0x08, 0x01, 0x02, 0x00, 0x00, 0x00, 0x30, 0x18, 0x0a, 0x01,
    0x02, 0x00, 0x00, 0x00, 0x58, 0x18, 0x0c, 0x01, 0x02, 0x00, 0x00, 0x00,
    0x7f, 0x18, 0x0e, 0x01, 0x05, 0x00, 0x00, 0x00, 0xdf, 0x18, 0x13, 0x01,
    0x02, 0x00, 0x00, 0x00, 0x06, 0x19, 0x15, 0x01, 0x02, 0x00, 0x00, 0x00,
    0x44, 0x19, 0x17, 0x01, 0x02, 0x00, 0x00, 0x00, 0x65, 0x19, 0x19, 0x01,
    0x03, 0x00, 0x00, 0x00, 0xb6, 0x19, 0x1c, 0x01, 0x07, 0x00, 0x00, 0x00,
    0x81, 0x1a, 0x23, 0x01, 0x0a, 0x00, 0x00, 0x00, 0x3a, 0x1b, 0x2d, 0x01,
    0x1c, 0x00, 0x00, 0x00, 0x55, 0x1d, 0x49, 0x01, 0x02, 0x00, 0x00, 0x00,
    0x81, 0x1d, 0x4b, 0x01, 0x02, 0x00, 0x00, 0x00, 0xa6, 0x1d, 0x4d, 0x01,
    0x02, 0x00, 0x00, 0x00, 0xc7, 0x1d, 0x4f, 0x01, 0x02, 0x00, 0x00, 0x00,
    0xee, 0x1d, 0x51, 0x01, 0x02, 0x00, 0x00, 0x00, 0x13, 0x1e, 0x53, 0x01,
    0x09, 0x00, 0x00, 0x00, 0xa9, 0x1e, 0x5c, 0x01, 0x07, 0x00, 0x00, 0x00,
    0x1f, 0x1f, 0x63, 0x01, 0x0d, 0x00, 0x00, 0x00, 0xf0, 0x1f, 0x70, 0x01,
    0x02, 0x00, 0x00, 0x00, 0x16, 0x20, 0x72, 0x01, 0x02, 0x00, 0x00, 0x00,
    0x3b, 0x20, 0x74, 0x01, 0x02, 0x00, 0x00, 0x00, 0x5f, 0x20, 0x76, 0x01,
    0x02, 0x00, 0x00, 0x00, 0x81, 0x20, 0x78, 0x01, 0x02, 0x00, 0x00, 0x00,
    0xa2, 0x20, 0x7a, 0x01, 0x02, 0x00, 0x00, 0x00, 0xf0, 0x20, 0x7c, 0x01,
    0x02, 0x00, 0x00, 0x00, 0x1a, 0x21, 0x7e, 0x01, 0x06, 0x00, 0x00, 0x00,
    0x69, 0x21, 0x84, 0x01, 0x02, 0x00, 0x00, 0x00, 0x88, 0x21, 0x86, 0x01,
    0x02, 0x00, 0x00, 0x00, 0xae, 0x21, 0x88, 0x01, 0x02, 0x00, 0x00, 0x00,
    0xd3, 0x21, 0x8a, 0x01, 0x02, 0x00, 0x00, 0x00, 0xf8, 0x21, 0x8c, 0x01,
    0x02, 0x00, 0x00, 0x00, 0x2a, 0x22, 0x8e, 0x01, 0x02, 0x00, 0x00, 0x00,
    0x55, 0x22, 0x90, 0x01, 0x02, 0x00, 0x00, 0x00, 0xc6, 0x22, 0x92, 0x01,
    0x05, 0x00, 0x00, 0x00, 0x46, 0x23, 0x97, 0x01, 0x02, 0x00, 0x00, 0x00,
    0x62, 0x23, 0x99, 0x01, 0x08, 0x00, 0x00, 0x00, 0xdf, 0x23, 0xa1, 0x01,
    0x04, 0x00, 0x00, 0x00, 0x13, 0x24, 0xa5, 0x01, 0x04, 0x00, 0x00, 0x00,
    0x4b, 0x24, 0xa9, 0x01, 0x03, 0x00, 0x00, 0x00, 0x6d, 0x24, 0xac, 0x01,
    0x03, 0x00, 0x00, 0x00, 0x8e, 0x24, 0xaf, 0x01, 0x05, 0x00, 0x00, 0x00,
    0xce, 0x24, 0xb4, 0x01, 0x02, 0x00, 0x00, 0x00, 0xf6, 0x24, 0xb6, 0x01,
    0x02, 0x00, 0x00, 0x00, 0x40, 0x25, 0xb8, 0x01, 0x02, 0x00, 0x00, 0x00,
    0x69, 0x25, 0xba, 0x01, 0x02, 0x00, 0x00, 0x00, 0x94, 0x25, 0xbc, 0x01,
    0x0f, 0x00, 0x00, 0x00, 0x84, 0x26, 0xcb, 0x01, 0x11, 0x00, 0x00, 0x00,
    0xad, 0x27, 0xdc, 0x01, 0x02, 0x00, 0x00, 0x00, 0xd1, 0x27, 0xde, 0x01,
    0x09, 0x00, 0x00, 0x00, 0xb4, 0x28, 0xe7, 0x01, 0x02, 0x00, 0x00, 0x00,
    0xee, 0x28, 0xe9, 0x01, 0x07, 0x00, 0x00, 0x00, 0x6c, 0x29, 0xf0, 0x01,
    0x02, 0x00, 0x00, 0x00, 0xaa, 0x29, 0xf2, 0x01, 0x02, 0x00, 0x00, 0x00,
    0x30, 0x30, 0x31, 0x00, 0x1a, 0x00, 0x0a, 0x00, 0x41, 0x46, 0x00, 0x00,
    0x1a, 0x00, 0x0a, 0x00, 0x30, 0x30, 0x31, 0x00, 0x3b, 0x00, 0x11, 0x00,
    0x55, 0x53, 0x00, 0x00, 0x4d, 0x00, 0x5e, 0x00, 0x30, 0x30, 0x31, 0x00,
    0xc3, 0x00, 0x0c, 0x00, 0x55, 0x53, 0x00, 0x00, 0xc3, 0x00, 0x0c, 0x00,
    0x30, 0x30, 0x31, 0x00, 0xe4, 0x00, 0x0c, 0x00, 0x52, 0x55, 0x00, 0x00,
    0xe4, 0x00, 0x0c, 0x00, 0x30, 0x30, 0x31, 0x00, 0x04, 0x01, 0x0b, 0x00,
    0x42, 0x48, 0x00, 0x00, 0x10, 0x01, 0x0c, 0x00, 0x4b, 0x57, 0x00, 0x00,
    0x1d, 0x01, 0x0b, 0x00, 0x51, 0x41, 0x00, 0x00, 0x29, 0x01, 0x0a, 0x00,
    0x53, 0x41, 0x00, 0x00, 0x04, 0x01, 0x0b, 0x00, 0x59, 0x45, 0x00, 0x00,
    0x34, 0x01, 0x09, 0x00, 0x30, 0x30, 0x31, 0x00, 0x54, 0x01, 0x0a, 0x00,
    0x41, 0x45, 0x00, 0x00, 0x54, 0x01, 0x0a, 0x00, 0x4f, 0x4d, 0x00, 0x00,
    0x5f, 0x01, 0x0b, 0x00, 0x5a, 0x5a, 0x00, 0x00, 0x6b, 0x01, 0x09, 0x00,
    0x30, 0x30, 0x31, 0x00, 0x8a, 0x01, 0x0c, 0x00, 0x49, 0x51, 0x00, 0x00,
    0x8a, 0x01, 0x0c, 0x00, 0x30, 0x30, 0x31, 0x00, 0xaf, 0x01, 0x14, 0x00,
    0x41, 0x52, 0x00, 0x00, 0xc4, 0x01, 0x10, 0x01, 0x30, 0x30, 0x31, 0x00,
    0xed, 0x02, 0x10, 0x00, 0x52, 0x55, 0x00, 0x00, 0xfe, 0x02, 0x21, 0x00,
    0x30, 0x30, 0x31, 0x00, 0x37, 0x03, 0x0f, 0x00, 0x42, 0x4d, 0x00, 0x00,
    0x47, 0x03, 0x10, 0x00, 0x43, 0x41, 0x00, 0x00, 0x58, 0x03, 0x43, 0x00,
    0x47, 0x4c, 0x00, 0x00, 0x9c, 0x03, 0x0d, 0x00, 0x30, 0x30, 0x31, 0x00,
    0xc4, 0x03, 0x10, 0x00, 0x41, 0x55, 0x00, 0x00, 0xc4, 0x03, 0x10, 0x00,
    0x30, 0x30, 0x31, 0x00, 0xf2, 0x03, 0x0f, 0x00, 0x41, 0x55, 0x00, 0x00,
    0xf2, 0x03, 0x0f, 0x00, 0x30, 0x30, 0x31, 0x00, 0x1c, 0x04, 0x10, 0x00,
    0x41, 0x55, 0x00, 0x00, 0x2d, 0x04, 0x24, 0x00, 0x30, 0x30, 0x31, 0x00,
    0x6b, 0x04, 0x09, 0x00, 0x41, 0x5a, 0x00, 0x00, 0x6b, 0x04, 0x09, 0x00,
    0x30, 0x30, 0x31, 0x00, 0x8a, 0x04, 0x0f, 0x00, 0x47, 0x4c, 0x00, 0x00,
    0x9a, 0x04, 0x14, 0x00, 0x50, 0x54, 0x00, 0x00, 0x8a, 0x04, 0x0f, 0x00,
    0x30, 0x30, 0x31, 0x00, 0xc3, 0x04, 0x0d, 0x00, 0x42, 0x52, 0x00, 0x00,
    0xc3, 0x04, 0x0d, 0x00, 0x30, 0x30, 0x31, 0x00, 0xea, 0x04, 0x0a, 0x00,
    0x42, 0x44, 0x00, 0x00, 0xea, 0x04, 0x0a, 0x00, 0x42, 0x54, 0x00, 0x00,
    0xf5, 0x04, 0x0c, 0x00, 0x30, 0x30, 0x31, 0x00, 0x18, 0x05, 0x0c, 0x00,
    0x42, 0x59, 0x00, 0x00, 0x18, 0x05, 0x0c, 0x00, 0x30, 0x30, 0x31, 0x00,
    0x40, 0x05, 0x14, 0x00, 0x50, 0x47, 0x00, 0x00, 0x40, 0x05, 0x14, 0x00,
    0x30, 0x30, 0x31, 0x00, 0x72, 0x05, 0x0e, 0x00, 0x43, 0x41, 0x00, 0x00,
    0x81, 0x05, 0x24, 0x00, 0x30, 0x30, 0x31, 0x00, 0xbf, 0x05, 0x13, 0x00,
    0x43, 0x56, 0x00, 0x00, 0xbf, 0x05, 0x13, 0x00, 0x5a, 0x5a, 0x00, 0x00,
    0xd3, 0x05, 0x09, 0x00, 0x30, 0x30, 0x31, 0x00, 0xf4, 0x05, 0x0c, 0x00,
    0x41, 0x4d, 0x00, 0x00, 0xf4, 0x05, 0x0c, 0x00, 0x30, 0x30, 0x31, 0x00,
    0x1e, 0x06, 0x12, 0x00, 0x41, 0x55, 0x00, 0x00, 0x31, 0x06, 0x28, 0x00,
    0x30, 0x30, 0x31, 0x00, 0x78, 0x06, 0x11, 0x00, 0x42, 0x5a, 0x00, 0x00,
    0x8a, 0x06, 0x0e, 0x00, 0x43, 0x52, 0x00, 0x00, 0x99, 0x06, 0x12, 0x00,
    0x45, 0x43, 0x00, 0x00, 0xac, 0x06, 0x11, 0x00, 0x47, 0x54, 0x00, 0x00,
    0x78, 0x06, 0x11, 0x00, 0x48, 0x4e, 0x00, 0x00, 0xbe, 0x06, 0x13, 0x00,
    0x4e, 0x49, 0x00, 0x00, 0xd2, 0x06, 0x0f, 0x00, 0x53, 0x56, 0x00, 0x00,
    0xe2, 0x06, 0x13, 0x00, 0x5a, 0x5a, 0x00, 0x00, 0xf6, 0x06, 0x09, 0x00,
    0x30, 0x30, 0x31, 0x00, 0x1b, 0x07, 0x0c, 0x00, 0x41, 0x51, 0x00, 0x00,
    0x28, 0x07, 0x11, 0x00, 0x43, 0x4e, 0x00, 0x00, 0x3a, 0x07, 0x0b, 0x00,
    0x49, 0x4f, 0x00, 0x00, 0x46, 0x07, 0x0d, 0x00, 0x4b, 0x47, 0x00, 0x00,
    0x1b, 0x07, 0x0c, 0x00, 0x5a, 0x5a, 0x00, 0x00, 0x54, 0x07, 0x09, 0x00,
    0x30, 0x30, 0x31, 0x00, 0x7e, 0x07, 0x0e, 0x00, 0x42, 0x52, 0x00, 0x00,
    0x8d, 0x07, 0x23, 0x00, 0x30, 0x30, 0x31, 0x00, 0xce, 0x07, 0x0f, 0x00,
    0x41, 0x4c, 0x00, 0x00, 0xde, 0x07, 0x0d, 0x00, 0x43, 0x5a, 0x00, 0x00,
    0xec, 0x07, 0x0d, 0x00, 0x48, 0x55, 0x00, 0x00, 0xce, 0x07, 0x0f, 0x00,
    0x4d, 0x45, 0x00, 0x00, 0xfa, 0x07, 0x10, 0x00, 0x52, 0x53, 0x00, 0x00,
    0x0b, 0x08, 0x0f, 0x00, 0x53, 0x49, 0x00, 0x00, 0x1b, 0x08, 0x10, 0x00,
    0x53, 0x4b, 0x00, 0x00, 0x2c, 0x08, 0x11, 0x00, 0x30, 0x30, 0x31, 0x00,
    0x5d, 0x08, 0x0d, 0x00, 0x42, 0x41, 0x00, 0x00, 0x6b, 0x08, 0x0f, 0x00,
    0x48, 0x52, 0x00, 0x00, 0x7b, 0x08, 0x0d, 0x00, 0x4d, 0x4b, 0x00, 0x00,
    0x89, 0x08, 0x0d, 0x00, 0x50, 0x4c, 0x00, 0x00, 0x5d, 0x08, 0x0d, 0x00,
    0x30, 0x30, 0x31, 0x00, 0xb5, 0x08, 0x13, 0x00, 0x41, 0x51, 0x00, 0x00,
    0xc9, 0x08, 0x10, 0x00, 0x46, 0x4d, 0x00, 0x00, 0xda, 0x08, 0x1d, 0x00,
    0x4e, 0x43, 0x00, 0x00, 0xf8, 0x08, 0x0e, 0x00, 0x53, 0x42, 0x00, 0x00,
    0xb5, 0x08, 0x13, 0x00, 0x56, 0x55, 0x00, 0x00, 0x07, 0x09, 0x0d, 0x00,
    0x5a, 0x5a, 0x00, 0x00, 0x15, 0x09, 0x0a, 0x00, 0x30, 0x30, 0x31, 0x00,
    0x36, 0x09, 0x0f, 0x00, 0x43, 0x41, 0x00, 0x00, 0x46, 0x09, 0x36, 0x00,
    0x4d, 0x58, 0x00, 0x00, 0x7d, 0x09, 0x21, 0x00, 0x55, 0x53, 0x00, 0x00,
    0x9f, 0x09, 0xa7, 0x00, 0x30, 0x30, 0x31, 0x00, 0x66, 0x0a, 0x13, 0x00,
    0x4d, 0x58, 0x00, 0x00, 0x7a, 0x0a, 0x5d, 0x00, 0x30, 0x30, 0x31, 0x00,
    0xf6, 0x0a, 0x0f, 0x00, 0x4e, 0x5a, 0x00, 0x00, 0xf6, 0x0a, 0x0f, 0x00,
    0x30, 0x30, 0x31, 0x00, 0x1a, 0x0b, 0x0d, 0x00, 0x43, 0x4e, 0x00, 0x00,
    0x1a, 0x0b, 0x0d, 0x00, 0x48, 0x4b, 0x00, 0x00, 0x28, 0x0b, 0x0e, 0x00,
    0x4d, 0x4f, 0x00, 0x00, 0x37, 0x0b, 0x0a, 0x00, 0x30, 0x30, 0x31, 0x00,
    0x55, 0x0b, 0x0e, 0x00, 0x43, 0x55, 0x00, 0x00, 0x55, 0x0b, 0x0e, 0x00,
    0x30, 0x30, 0x31, 0x00, 0x7b, 0x0b, 0x0a, 0x00, 0x5a, 0x5a, 0x00, 0x00,
    0x7b, 0x0b, 0x0a, 0x00, 0x30, 0x30, 0x31, 0x00, 0x9e, 0x0b, 0x0e, 0x00,
    0x41, 0x51, 0x00, 0x00, 0xad, 0x0b, 0x10, 0x00, 0x44, 0x4a, 0x00, 0x00,
    0xbe, 0x0b, 0x0f, 0x00, 0x45, 0x52, 0x00, 0x00, 0xce, 0x0b, 0x0d, 0x00,
    0x45, 0x54, 0x00, 0x00, 0xdc, 0x0b, 0x12, 0x00, 0x4b, 0x45, 0x00, 0x00,
    0x9e, 0x0b, 0x0e, 0x00, 0x4b, 0x4d, 0x00, 0x00, 0xef, 0x0b, 0x0d, 0x00,
    0x4d, 0x47, 0x00, 0x00, 0xfd, 0x0b, 0x13, 0x00, 0x53, 0x4f, 0x00, 0x00,
    0x11, 0x0c, 0x10, 0x00, 0x54, 0x5a, 0x00, 0x00, 0x22, 0x0c, 0x14, 0x00,
    0x55, 0x47, 0x00, 0x00, 0x37, 0x0c, 0x0e, 0x00, 0x59, 0x54, 0x00, 0x00,
    0x46, 0x0c, 0x0e, 0x00, 0x5a, 0x5a, 0x00, 0x00, 0x55, 0x0c, 0x09, 0x00,
    0x30, 0x30, 0x31, 0x00, 0x7a, 0x0c, 0x12, 0x00, 0x41, 0x55, 0x00, 0x00,
    0x8d, 0x0c, 0x25, 0x00, 0x30, 0x30, 0x31, 0x00, 0xcb, 0x0c, 0x0f, 0x00,
    0x4d, 0x44, 0x00, 0x00, 0xcb, 0x0c, 0x0f, 0x00, 0x30, 0x30, 0x31, 0x00,
    0xfa, 0x0c, 0x11, 0x00, 0x42, 0x52, 0x00, 0x00, 0xfa, 0x0c, 0x11, 0x00,
    0x30, 0x30, 0x31, 0x00, 0x28, 0x0d, 0x0e, 0x00, 0x43, 0x4c, 0x00, 0x00,
    0x28, 0x0d, 0x0e, 0x00, 0x30, 0x30, 0x31, 0x00, 0x4d, 0x0d, 0x10, 0x00,
    0x42, 0x53, 0x00, 0x00, 0x5e, 0x0d, 0x0e, 0x00, 0x43, 0x41, 0x00, 0x00,
    0x6d, 0x0d, 0x1f, 0x00, 0x55, 0x53, 0x00, 0x00, 0x8d, 0x0d, 0x9c, 0x00,
    0x30, 0x30, 0x31, 0x00, 0x49, 0x0e, 0x0e, 0x00, 0x4d, 0x58, 0x00, 0x00,
    0x49, 0x0e, 0x0e, 0x00, 0x30, 0x30, 0x31, 0x00, 0x6c, 0x0e, 0x0c, 0x00,
    0x45, 0x47, 0x00, 0x00, 0x6c, 0x0e, 0x0c, 0x00, 0x30, 0x30, 0x31, 0x00,
    0x94, 0x0e, 0x12, 0x00, 0x52, 0x55, 0x00, 0x00, 0x94, 0x0e, 0x12, 0x00,
    0x30, 0x30, 0x31, 0x00, 0xba, 0x0e, 0x0c, 0x00, 0x46, 0x4a, 0x00, 0x00,
    0xba, 0x0e, 0x0c, 0x00, 0x30, 0x30, 0x31, 0x00, 0xd9, 0x0e, 0x0b, 0x00,
    0x41, 0x58, 0x00, 0x00, 0xe5, 0x0e, 0x10, 0x00, 0x42, 0x47, 0x00, 0x00,
    0xf6, 0x0e, 0x0c, 0x00, 0x45, 0x45, 0x00, 0x00, 0x03, 0x0f, 0x0e, 0x00,
    0x46, 0x49, 0x00, 0x00, 0x12, 0x0f, 0x0f, 0x00, 0x4c, 0x54, 0x00, 0x00,
    0x22, 0x0f, 0x0e, 0x00, 0x4c, 0x56, 0x00, 0x00, 0x31, 0x0f, 0x0b, 0x00,
    0x55, 0x41, 0x00, 0x00, 0xd9, 0x0e, 0x0b, 0x00, 0x30, 0x30, 0x31, 0x00,
    0x54, 0x0f, 0x0c, 0x00, 0x47, 0x45, 0x00, 0x00, 0x54, 0x0f, 0x0c, 0x00,
    0x30, 0x30, 0x31, 0x00, 0x73, 0x0f, 0x0d, 0x00, 0x45, 0x53, 0x00, 0x00,
    0x81, 0x0f, 0x0f, 0x00, 0x46, 0x4f, 0x00, 0x00, 0x91, 0x0f, 0x0f, 0x00,
    0x47, 0x42, 0x00, 0x00, 0x73, 0x0f, 0x0d, 0x00, 0x47, 0x47, 0x00, 0x00,
    0xa1, 0x0f, 0x0f, 0x00, 0x49, 0x45, 0x00, 0x00, 0xb1, 0x0f, 0x0d, 0x00,
    0x49, 0x4d, 0x00, 0x00, 0xbf, 0x0f, 0x12, 0x00, 0x4a, 0x45, 0x00, 0x00,
    0xd2, 0x0f, 0x0d, 0x00, 0x50, 0x54, 0x00, 0x00, 0xe0, 0x0f, 0x1e, 0x00,
    0x30, 0x30, 0x31, 0x00, 0x17, 0x10, 0x0f, 0x00, 0x47, 0x4c, 0x00, 0x00,
    0x17, 0x10, 0x0f, 0x00, 0x30, 0x30, 0x31, 0x00, 0x3f, 0x10, 0x12, 0x00,
    0x42, 0x46, 0x00, 0x00, 0x52, 0x10, 0x12, 0x00, 0x43, 0x49, 0x00, 0x00,
    0x65, 0x10, 0x0e, 0x00, 0x47, 0x48, 0x00, 0x00, 0x74, 0x10, 0x0c, 0x00,
    0x47, 0x4c, 0x00, 0x00, 0x81, 0x10, 0x14, 0x00, 0x47, 0x4d, 0x00, 0x00,
    0x96, 0x10, 0x0d, 0x00, 0x47, 0x4e, 0x00, 0x00, 0xa4, 0x10, 0x0e, 0x00,
    0x47, 0x57, 0x00, 0x00, 0xb3, 0x10, 0x0d, 0x00, 0x49, 0x53, 0x00, 0x00,
    0x3f, 0x10, 0x12, 0x00, 0x4c, 0x52, 0x00, 0x00, 0xc1, 0x10, 0x0f, 0x00,
    0x4d, 0x4c, 0x00, 0x00, 0xd1, 0x10, 0x0d, 0x00, 0x4d, 0x52, 0x00, 0x00,
    0xdf, 0x10, 0x11, 0x00, 0x53, 0x48, 0x00, 0x00, 0xf1, 0x10, 0x12, 0x00,
    0x53, 0x4c, 0x00, 0x00, 0x04, 0x11, 0x0f, 0x00, 0x53, 0x4e, 0x00, 0x00,
    0x14, 0x11, 0x0c, 0x00, 0x54, 0x47, 0x00, 0x00, 0x21, 0x11, 0x0b, 0x00,
    0x30, 0x30, 0x31, 0x00, 0x3f, 0x11, 0x10, 0x00, 0x43, 0x59, 0x00, 0x00,
    0x50, 0x11, 0x1b, 0x00, 0x47, 0x52, 0x00, 0x00, 0x6c, 0x11, 0x0d, 0x00,
    0x52, 0x4f, 0x00, 0x00, 0x3f, 0x11, 0x10, 0x00, 0x30, 0x30, 0x31, 0x00,
    0x8e, 0x11, 0x16, 0x00, 0x48, 0x54, 0x00, 0x00, 0x8e, 0x11, 0x16, 0x00,
    0x30, 0x30, 0x31, 0x00, 0xbc, 0x11, 0x10, 0x00, 0x43, 0x4b, 0x00, 0x00,
    0xcd, 0x11, 0x11, 0x00, 0x50, 0x46, 0x00, 0x00, 0xdf, 0x11, 0x0e, 0x00,
    0x55, 0x53, 0x00, 0x00, 0xbc, 0x11, 0x10, 0x00, 0x5a, 0x5a, 0x00, 0x00,
    0xee, 0x11, 0x0a, 0x00, 0x30, 0x30, 0x31, 0x00, 0x0d, 0x12, 0x0d, 0x00,
    0x49, 0x4e, 0x00, 0x00, 0x0d, 0x12, 0x0d, 0x00, 0x30, 0x30, 0x31, 0x00,
    0x2e, 0x12, 0x0b, 0x00, 0x49, 0x52, 0x00, 0x00, 0x2e, 0x12, 0x0b, 0x00,
    0x30, 0x30, 0x31, 0x00, 0x4f, 0x12, 0x0e, 0x00, 0x49, 0x4c, 0x00, 0x00,
    0x4f, 0x12, 0x0e, 0x00, 0x30, 0x30, 0x31, 0x00, 0x73, 0x12, 0x0a, 0x00,
    0x4a, 0x4f, 0x00, 0x00, 0x73, 0x12, 0x0a, 0x00, 0x30, 0x30, 0x31, 0x00,
    0x98, 0x12, 0x12, 0x00, 0x52, 0x55, 0x00, 0x00, 0x98, 0x12, 0x12, 0x00,
    0x30, 0x30, 0x31, 0x00, 0xbf, 0x12, 0x0a, 0x00, 0x4b, 0x52, 0x00, 0x00,
    0xbf, 0x12, 0x0a, 0x00, 0x30, 0x30, 0x31, 0x00, 0xde, 0x12, 0x0e, 0x00,
    0x4c, 0x59, 0x00, 0x00, 0xde, 0x12, 0x0e, 0x00, 0x30, 0x30, 0x31, 0x00,
    0x08, 0x13, 0x12, 0x00, 0x4b, 0x49, 0x00, 0x00, 0x08, 0x13, 0x12, 0x00,
    0x5a, 0x5a, 0x00, 0x00, 0x1b, 0x13, 0x0a, 0x00, 0x30, 0x30, 0x31, 0x00,
    0x3e, 0x13, 0x13, 0x00, 0x41, 0x55, 0x00, 0x00, 0x3e, 0x13, 0x13, 0x00,
    0x30, 0x30, 0x31, 0x00, 0x68, 0x13, 0x0c, 0x00, 0x52, 0x55, 0x00, 0x00,
    0x68, 0x13, 0x0c, 0x00, 0x30, 0x30, 0x31, 0x00, 0x8e, 0x13, 0x14, 0x00,
    0x43, 0x4c, 0x00, 0x00, 0xa3, 0x13, 0x26, 0x00, 0x30, 0x30, 0x31, 0x00,
    0xe2, 0x13, 0x11, 0x00, 0x50, 0x46, 0x00, 0x00, 0xe2, 0x13, 0x11, 0x00,
    0x30, 0x30, 0x31, 0x00, 0x0c, 0x14, 0x10, 0x00, 0x4d, 0x55, 0x00, 0x00,
    0x0c, 0x14, 0x10, 0x00, 0x52, 0x45, 0x00, 0x00, 0x1d, 0x14, 0x0e, 0x00,
    0x53, 0x43, 0x00, 0x00, 0x2c, 0x14, 0x0b, 0x00, 0x30, 0x30, 0x31, 0x00,
    0x52, 0x14, 0x0b, 0x00, 0x4c, 0x42, 0x00, 0x00, 0x52, 0x14, 0x0b, 0x00,
    0x30, 0x30, 0x31, 0x00, 0x77, 0x14, 0x12, 0x00, 0x55, 0x59, 0x00, 0x00,
    0x77, 0x14, 0x12, 0x00, 0x30, 0x30, 0x31, 0x00, 0xa0, 0x14, 0x11, 0x00,
    0x45, 0x48, 0x00, 0x00, 0xb2, 0x14, 0x0f, 0x00, 0x4d, 0x41, 0x00, 0x00,
    0xa0, 0x14, 0x11, 0x00, 0x30, 0x30, 0x31, 0x00, 0xd9, 0x14, 0x0e, 0x00,
    0x43, 0x41, 0x00, 0x00, 0xe8, 0x14, 0x35, 0x00, 0x4d, 0x58, 0x00, 0x00,
    0x1e, 0x15, 0x15, 0x00, 0x55, 0x53, 0x00, 0x00, 0x34, 0x15, 0x1c, 0x00,
    0x30, 0x30, 0x31, 0x00, 0x71, 0x15, 0x10, 0x00, 0x4d, 0x58, 0x00, 0x00,
    0x71, 0x15, 0x10, 0x00, 0x30, 0x30, 0x31, 0x00, 0x98, 0x15, 0x0c, 0x00,
    0x43, 0x43, 0x00, 0x00, 0xa5, 0x15, 0x0c, 0x00, 0x4d, 0x4d, 0x00, 0x00,
    0x98, 0x15, 0x0c, 0x00, 0x30, 0x30, 0x31, 0x00, 0xd0, 0x15, 0x10, 0x00,
    0x52, 0x55, 0x00, 0x00, 0xd0, 0x15, 0x10, 0x00, 0x30, 0x30, 0x31, 0x00,
    0xf7, 0x15, 0x0f, 0x00, 0x4e, 0x41, 0x00, 0x00, 0xf7, 0x15, 0x0f, 0x00,
    0x30, 0x30, 0x31, 0x00, 0x1b, 0x16, 0x0d, 0x00, 0x4e, 0x50, 0x00, 0x00,
    0x1b, 0x16, 0x0d, 0x00, 0x30, 0x30, 0x31, 0x00, 0x43, 0x16, 0x10, 0x00,
    0x41, 0x51, 0x00, 0x00, 0x54, 0x16, 0x12, 0x00, 0x4e, 0x5a, 0x00, 0x00,
    0x43, 0x16, 0x10, 0x00, 0x30, 0x30, 0x31, 0x00, 0x82, 0x16, 0x10, 0x00,
    0x43, 0x41, 0x00, 0x00, 0x82, 0x16, 0x10, 0x00, 0x30, 0x30, 0x31, 0x00,
    0xa9, 0x16, 0x0f, 0x00, 0x4e, 0x46, 0x00, 0x00, 0xa9, 0x16, 0x0f, 0x00,
    0x30, 0x30, 0x31, 0x00, 0xd7, 0x16, 0x0c, 0x00, 0x52, 0x55, 0x00, 0x00,
    0xd7, 0x16, 0x0c, 0x00, 0x30, 0x30, 0x31, 0x00, 0xfd, 0x16, 0x10, 0x00,
    0x52, 0x55, 0x00, 0x00, 0x0e, 0x17, 0x22, 0x00, 0x30, 0x30, 0x31, 0x00,
    0x4b, 0x17, 0x0e, 0x00, 0x4b, 0x50, 0x00, 0x00, 0x4b, 0x17, 0x0e, 0x00,
    0x30, 0x30, 0x31, 0x00, 0x6d, 0x17, 0x09, 0x00, 0x52, 0x55, 0x00, 0x00,
    0x6d, 0x17, 0x09, 0x00, 0x30, 0x30, 0x31, 0x00, 0x90, 0x17, 0x10, 0x00,
    0x43, 0x4c, 0x00, 0x00, 0x90, 0x17, 0x10, 0x00, 0x30, 0x30, 0x31, 0x00,
    0xb7, 0x17, 0x13, 0x00, 0x43, 0x41, 0x00, 0x00, 0xcb, 0x17, 0x11, 0x00,
    0x55, 0x53, 0x00, 0x00, 0xb7, 0x17, 0x13, 0x00, 0x30, 0x30, 0x31, 0x00,
    0xfc, 0x17, 0x0f, 0x00, 0x4d, 0x58, 0x00, 0x00, 0xfc, 0x17, 0x0f, 0x00,
    0x30, 0x30, 0x31, 0x00, 0x23, 0x18, 0x0c, 0x00, 0x50, 0x4b, 0x00, 0x00,
    0x23, 0x18, 0x0c, 0x00, 0x30, 0x30, 0x31, 0x00, 0x47, 0x18, 0x10, 0x00,
    0x50, 0x59, 0x00, 0x00, 0x47, 0x18, 0x10, 0x00, 0x30, 0x30, 0x31, 0x00,
    0x70, 0x18, 0x0e, 0x00, 0x4b, 0x5a, 0x00, 0x00, 0x70, 0x18, 0x0e, 0x00,
    0x30, 0x30, 0x31, 0x00, 0x95, 0x18, 0x0c, 0x00, 0x42, 0x45, 0x00, 0x00,
    0xa2, 0x18, 0x0f, 0x00, 0x44, 0x4b, 0x00, 0x00, 0xb2, 0x18, 0x11, 0x00,
    0x45, 0x53, 0x00, 0x00, 0xc4, 0x18, 0x1a, 0x00, 0x46, 0x52, 0x00, 0x00,
    0x95, 0x18, 0x0c, 0x00, 0x30, 0x30, 0x31, 0x00, 0xf3, 0x18, 0x12, 0x00,
    0x52, 0x55, 0x00, 0x00, 0xf3, 0x18, 0x12, 0x00, 0x30, 0x30, 0x31, 0x00,
    0x1a, 0x19, 0x0e, 0x00, 0x52, 0x55, 0x00, 0x00, 0x29, 0x19, 0x1a, 0x00,
    0x30, 0x30, 0x31, 0x00, 0x57, 0x19, 0x0d, 0x00, 0x52, 0x55, 0x00, 0x00,
    0x57, 0x19, 0x0d, 0x00, 0x30, 0x30, 0x31, 0x00, 0x7b, 0x19, 0x0d, 0x00,
    0x52, 0x55, 0x00, 0x00, 0x89, 0x19, 0x1a, 0x00, 0x55, 0x41, 0x00, 0x00,
    0xa4, 0x19, 0x11, 0x00, 0x30, 0x30, 0x31, 0x00, 0xcf, 0x19, 0x0f, 0x00,
    0x41, 0x51, 0x00, 0x00, 0xdf, 0x19, 0x24, 0x00, 0x42, 0x52, 0x00, 0x00,
    0x04, 0x1a, 0x4e, 0x00, 0x46, 0x4b, 0x00, 0x00, 0x53, 0x1a, 0x10, 0x00,
    0x47, 0x46, 0x00, 0x00, 0xcf, 0x19, 0x0f, 0x00, 0x53, 0x52, 0x00, 0x00,
    0x64, 0x1a, 0x12, 0x00, 0x5a, 0x5a, 0x00, 0x00, 0x77, 0x1a, 0x09, 0x00,
    0x30, 0x30, 0x31, 0x00, 0x9a, 0x1a, 0x0e, 0x00, 0x42, 0x52, 0x00, 0x00,
    0xa9, 0x1a, 0x23, 0x00, 0x43, 0x41, 0x00, 0x00, 0xcd, 0x1a, 0x15, 0x00,
    0x43, 0x4f, 0x00, 0x00, 0x9a, 0x1a, 0x0e, 0x00, 0x45, 0x43, 0x00, 0x00,
    0xe3, 0x1a, 0x11, 0x00, 0x4a, 0x4d, 0x00, 0x00, 0xf5, 0x1a, 0x0f, 0x00,
    0x4b, 0x59, 0x00, 0x00, 0x05, 0x1b, 0x0e, 0x00, 0x50, 0x41, 0x00, 0x00,
    0x14, 0x1b, 0x0e, 0x00, 0x50, 0x45, 0x00, 0x00, 0x23, 0x1b, 0x0c, 0x00,
    0x5a, 0x5a, 0x00, 0x00, 0x30, 0x1b, 0x09, 0x00, 0x30, 0x30, 0x31, 0x00,
    0x53, 0x1b, 0x0e, 0x00, 0x41, 0x47, 0x00, 0x00, 0x62, 0x1b, 0x0f, 0x00,
    0x41, 0x49, 0x00, 0x00, 0x72, 0x1b, 0x10, 0x00, 0x41, 0x57, 0x00, 0x00,
    0x83, 0x1b, 0x0d, 0x00, 0x42, 0x42, 0x00, 0x00, 0x91, 0x1b, 0x10, 0x00,
    0x42, 0x4c, 0x00, 0x00, 0xa2, 0x1b, 0x15, 0x00, 0x42, 0x4f, 0x00, 0x00,
    0x53, 0x1b, 0x0e, 0x00, 0x42, 0x51, 0x00, 0x00, 0xb8, 0x1b, 0x12, 0x00,
    0x42, 0x52, 0x00, 0x00, 0xcb, 0x1b, 0x34, 0x00, 0x43, 0x41, 0x00, 0x00,
    0x00, 0x1c, 0x14, 0x00, 0x43, 0x57, 0x00, 0x00, 0x15, 0x1c, 0x0f, 0x00,
    0x44, 0x4d, 0x00, 0x00, 0x25, 0x1c, 0x10, 0x00, 0x44, 0x4f, 0x00, 0x00,
    0x36, 0x1c, 0x15, 0x00, 0x47, 0x44, 0x00, 0x00, 0x4c, 0x1c, 0x0f, 0x00,
    0x47, 0x50, 0x00, 0x00, 0x5c, 0x1c, 0x12, 0x00, 0x47, 0x59, 0x00, 0x00,
    0x6f, 0x1c, 0x0e, 0x00, 0x4b, 0x4e, 0x00, 0x00, 0x7e, 0x1c, 0x10, 0x00,
    0x4c, 0x43, 0x00, 0x00, 0x8f, 0x1c, 0x10, 0x00, 0x4d, 0x46, 0x00, 0x00,
    0xa0, 0x1c, 0x0f, 0x00, 0x4d, 0x51, 0x00, 0x00, 0xb0, 0x1c, 0x12, 0x00,
    0x4d, 0x53, 0x00, 0x00, 0xc3, 0x1c, 0x12, 0x00, 0x50, 0x52, 0x00, 0x00,
    0xd6, 0x1c, 0x13, 0x00, 0x53, 0x58, 0x00, 0x00, 0xea, 0x1c, 0x15, 0x00,
    0x54, 0x54, 0x00, 0x00, 0x00, 0x1d, 0x15, 0x00, 0x56, 0x43, 0x00, 0x00,
    0x16, 0x1d, 0x12, 0x00, 0x56, 0x47, 0x00, 0x00, 0x29, 0x1d, 0x0f, 0x00,
    0x56, 0x49, 0x00, 0x00, 0x39, 0x1d, 0x11, 0x00, 0x5a, 0x5a, 0x00, 0x00,
    0x4b, 0x1d, 0x09, 0x00, 0x30, 0x30, 0x31, 0x00, 0x70, 0x1d, 0x10, 0x00,
    0x50, 0x4d, 0x00, 0x00, 0x70, 0x1d, 0x10, 0x00, 0x30, 0x30, 0x31, 0x00,
    0x98, 0x1d, 0x0d, 0x00, 0x52, 0x55, 0x00, 0x00, 0x98, 0x1d, 0x0d, 0x00,
    0x30, 0x30, 0x31, 0x00, 0xba, 0x1d, 0x0c, 0x00, 0x57, 0x53, 0x00, 0x00,
    0xba, 0x1d, 0x0c, 0x00, 0x30, 0x30, 0x31, 0x00, 0xde, 0x1d, 0x0f, 0x00,
    0x53, 0x54, 0x00, 0x00, 0xde, 0x1d, 0x0f, 0x00, 0x30, 0x30, 0x31, 0x00,
    0x04, 0x1e, 0x0e, 0x00, 0x52, 0x55, 0x00, 0x00, 0x04, 0x1e, 0x0e, 0x00,
    0x30, 0x30, 0x31, 0x00, 0x29, 0x1e, 0x0c, 0x00, 0x41, 0x51, 0x00, 0x00,
    0x36, 0x1e, 0x10, 0x00, 0x43, 0x58, 0x00, 0x00, 0x47, 0x1e, 0x10, 0x00,
    0x49, 0x44, 0x00, 0x00, 0x58, 0x1e, 0x1b, 0x00, 0x4b, 0x48, 0x00, 0x00,
    0x74, 0x1e, 0x0f, 0x00, 0x4c, 0x41, 0x00, 0x00, 0x84, 0x1e, 0x0e, 0x00,
    0x54, 0x48, 0x00, 0x00, 0x29, 0x1e, 0x0c, 0x00, 0x56, 0x4e, 0x00, 0x00,
    0x93, 0x1e, 0x0b, 0x00, 0x5a, 0x5a, 0x00, 0x00, 0x9f, 0x1e, 0x09, 0x00,
    0x30, 0x30, 0x31, 0x00, 0xc1, 0x1e, 0x0e, 0x00, 0x42, 0x4e, 0x00, 0x00,
    0xd0, 0x1e, 0x0b, 0x00, 0x49, 0x44, 0x00, 0x00, 0xdc, 0x1e, 0x0d, 0x00,
    0x4d, 0x59, 0x00, 0x00, 0xea, 0x1e, 0x1e, 0x00, 0x50, 0x48, 0x00, 0x00,
    0x09, 0x1f, 0x0b, 0x00, 0x53, 0x47, 0x00, 0x00, 0xc1, 0x1e, 0x0e, 0x00,
    0x5a, 0x5a, 0x00, 0x00, 0x15, 0x1f, 0x09, 0x00, 0x30, 0x30, 0x31, 0x00,
    0x3a, 0x1f, 0x13, 0x00, 0x42, 0x49, 0x00, 0x00, 0x4e, 0x1f, 0x10, 0x00,
    0x42, 0x57, 0x00, 0x00, 0x5f, 0x1f, 0x0f, 0x00, 0x43, 0x44, 0x00, 0x00,
    0x6f, 0x1f, 0x11, 0x00, 0x4c, 0x53, 0x00, 0x00, 0x81, 0x1f, 0x0d, 0x00,
    0x4d, 0x57, 0x00, 0x00, 0x8f, 0x1f, 0x0f, 0x00, 0x4d, 0x5a, 0x00, 0x00,
    0x9f, 0x1f, 0x0d, 0x00, 0x52, 0x57, 0x00, 0x00, 0xad, 0x1f, 0x0d, 0x00,
    0x53, 0x5a, 0x00, 0x00, 0xbb, 0x1f, 0x0e, 0x00, 0x5a, 0x41, 0x00, 0x00,
    0x3a, 0x1f, 0x13, 0x00, 0x5a, 0x4d, 0x00, 0x00, 0xca, 0x1f, 0x0d, 0x00,
    0x5a, 0x57, 0x00, 0x00, 0xd8, 0x1f, 0x0d, 0x00, 0x5a, 0x5a, 0x00, 0x00,
    0xe6, 0x1f, 0x09, 0x00, 0x30, 0x30, 0x31, 0x00, 0x0a, 0x20, 0x0b, 0x00,
    0x53, 0x53, 0x00, 0x00, 0x0a, 0x20, 0x0b, 0x00, 0x30, 0x30, 0x31, 0x00,
    0x2e, 0x20, 0x0c, 0x00, 0x4c, 0x4b, 0x00, 0x00, 0x2e, 0x20, 0x0c, 0x00,
    0x30, 0x30, 0x31, 0x00, 0x4f, 0x20, 0x0f, 0x00, 0x53, 0x44, 0x00, 0x00,
    0x4f, 0x20, 0x0f, 0x00, 0x30, 0x30, 0x31, 0x00, 0x73, 0x20, 0x0d, 0x00,
    0x53, 0x59, 0x00, 0x00, 0x73, 0x20, 0x0d, 0x00, 0x30, 0x30, 0x31, 0x00,
    0x96, 0x20, 0x0b, 0x00, 0x54, 0x57, 0x00, 0x00, 0x96, 0x20, 0x0b, 0x00,
    0x30, 0x30, 0x31, 0x00, 0xb9, 0x20, 0x10, 0x00, 0x41, 0x55, 0x00, 0x00,
    0xca, 0x20, 0x25, 0x00, 0x30, 0x30, 0x31, 0x00, 0x08, 0x21, 0x11, 0x00,
    0x42, 0x52, 0x00, 0x00, 0x08, 0x21, 0x11, 0x00, 0x30, 0x30, 0x31, 0x00,
    0x2e, 0x21, 0x0a, 0x00, 0x49, 0x44, 0x00, 0x00, 0x39, 0x21, 0x0d, 0x00,
    0x4a, 0x50, 0x00, 0x00, 0x2e, 0x21, 0x0a, 0x00, 0x50, 0x57, 0x00, 0x00,
    0x47, 0x21, 0x0d, 0x00, 0x54, 0x4c, 0x00, 0x00, 0x55, 0x21, 0x09, 0x00,
    0x5a, 0x5a, 0x00, 0x00, 0x5f, 0x21, 0x09, 0x00, 0x30, 0x30, 0x31, 0x00,
    0x7d, 0x21, 0x0a, 0x00, 0x52, 0x55, 0x00, 0x00, 0x7d, 0x21, 0x0a, 0x00,
    0x30, 0x30, 0x31, 0x00, 0x9c, 0x21, 0x11, 0x00, 0x54, 0x4f, 0x00, 0x00,
    0x9c, 0x21, 0x11, 0x00, 0x30, 0x30, 0x31, 0x00, 0xc8, 0x21, 0x0a, 0x00,
    0x52, 0x55, 0x00, 0x00, 0xc8, 0x21, 0x0a, 0x00, 0x30, 0x30, 0x31, 0x00,
    0xe8, 0x21, 0x0f, 0x00, 0x54, 0x52, 0x00, 0x00, 0xe8, 0x21, 0x0f, 0x00,
    0x30, 0x30, 0x31, 0x00, 0x17, 0x22, 0x12, 0x00, 0x54, 0x43, 0x00, 0x00,
    0x17, 0x22, 0x12, 0x00, 0x30, 0x30, 0x31, 0x00, 0x44, 0x22, 0x10, 0x00,
    0x4d, 0x4e, 0x00, 0x00, 0x44, 0x22, 0x10, 0x00, 0x30, 0x30, 0x31, 0x00,
    0x6e, 0x22, 0x14, 0x00, 0x55, 0x53, 0x00, 0x00, 0x83, 0x22, 0x42, 0x00,
    0x30, 0x30, 0x31, 0x00, 0xe0, 0x22, 0x0f, 0x00, 0x43, 0x41, 0x00, 0x00,
    0xf0, 0x22, 0x38, 0x00, 0x4d, 0x58, 0x00, 0x00, 0x29, 0x23, 0x12, 0x00,
    0x55, 0x53, 0x00, 0x00, 0xe0, 0x22, 0x0f, 0x00, 0x5a, 0x5a, 0x00, 0x00,
    0x3c, 0x23, 0x09, 0x00, 0x30, 0x30, 0x31, 0x00, 0x4a, 0x23, 0x07, 0x00,
    0x5a, 0x5a, 0x00, 0x00, 0x52, 0x23, 0x0f, 0x00, 0x30, 0x30, 0x31, 0x00,
    0x69, 0x23, 0x0a, 0x00, 0x4b, 0x49, 0x00, 0x00, 0x74, 0x23, 0x0e, 0x00,
    0x4d, 0x48, 0x00, 0x00, 0x83, 0x23, 0x20, 0x00, 0x4e, 0x52, 0x00, 0x00,
    0xa4, 0x23, 0x0d, 0x00, 0x54, 0x56, 0x00, 0x00, 0xb2, 0x23, 0x10, 0x00,
    0x55, 0x4d, 0x00, 0x00, 0xc3, 0x23, 0x0c, 0x00, 0x57, 0x46, 0x00, 0x00,
    0xd0, 0x23, 0x0e, 0x00, 0x5a, 0x5a, 0x00, 0x00, 0x69, 0x23, 0x0a, 0x00,
    0x30, 0x30, 0x31, 0x00, 0xe6, 0x23, 0x0a, 0x00, 0x4b, 0x49, 0x00, 0x00,
    0xf1, 0x23, 0x11, 0x00, 0x54, 0x4b, 0x00, 0x00, 0x03, 0x24, 0x0f, 0x00,
    0x5a, 0x5a, 0x00, 0x00, 0xe6, 0x23, 0x0a, 0x00, 0x30, 0x30, 0x31, 0x00,
    0x1a, 0x24, 0x09, 0x00, 0x42, 0x52, 0x00, 0x00, 0x24, 0x24, 0x0f, 0x00,
    0x47, 0x53, 0x00, 0x00, 0x34, 0x24, 0x16, 0x00, 0x5a, 0x5a, 0x00, 0x00,
    0x1a, 0x24, 0x09, 0x00, 0x30, 0x30, 0x31, 0x00, 0x52, 0x24, 0x09, 0x00,
    0x50, 0x4e, 0x00, 0x00, 0x5c, 0x24, 0x10, 0x00, 0x5a, 0x5a, 0x00, 0x00,
    0x52, 0x24, 0x09, 0x00, 0x30, 0x30, 0x31, 0x00, 0x74, 0x24, 0x09, 0x00,
    0x50, 0x46, 0x00, 0x00, 0x7e, 0x24, 0x0f, 0x00, 0x5a, 0x5a, 0x00, 0x00,
    0x74, 0x24, 0x09, 0x00, 0x30, 0x30, 0x31, 0x00, 0x95, 0x24, 0x0a, 0x00,
    0x41, 0x53, 0x00, 0x00, 0xa0, 0x24, 0x11, 0x00, 0x4e, 0x55, 0x00, 0x00,
    0xb2, 0x24, 0x0c, 0x00, 0x55, 0x4d, 0x00, 0x00, 0xbf, 0x24, 0x0e, 0x00,
    0x5a, 0x5a, 0x00, 0x00, 0x95, 0x24, 0x0a, 0x00, 0x30, 0x30, 0x31, 0x00,
    0xe6, 0x24, 0x0f, 0x00, 0x56, 0x45, 0x00, 0x00, 0xe6, 0x24, 0x0f, 0x00,
    0x30, 0x30, 0x31, 0x00, 0x10, 0x25, 0x10, 0x00, 0x52, 0x55, 0x00, 0x00,
    0x21, 0x25, 0x1e, 0x00, 0x30, 0x30, 0x31, 0x00, 0x58, 0x25, 0x10, 0x00,
    0x52, 0x55, 0x00, 0x00, 0x58, 0x25, 0x10, 0x00, 0x30, 0x30, 0x31, 0x00,
    0x84, 0x25, 0x0f, 0x00, 0x41, 0x55, 0x00, 0x00, 0x84, 0x25, 0x0f, 0x00,
    0x30, 0x30, 0x31, 0x00, 0xb4, 0x25, 0x0c, 0x00, 0x41, 0x4f, 0x00, 0x00,
    0xc1, 0x25, 0x0d, 0x00, 0x42, 0x4a, 0x00, 0x00, 0xcf, 0x25, 0x11, 0x00,
    0x43, 0x44, 0x00, 0x00, 0xe1, 0x25, 0x0f, 0x00, 0x43, 0x46, 0x00, 0x00,
    0xf1, 0x25, 0x0d, 0x00, 0x43, 0x47, 0x00, 0x00, 0xff, 0x25, 0x12, 0x00,
    0x43, 0x4d, 0x00, 0x00, 0x12, 0x26, 0x0d, 0x00, 0x44, 0x5a, 0x00, 0x00,
    0x20, 0x26, 0x0e, 0x00, 0x47, 0x41, 0x00, 0x00, 0x2f, 0x26, 0x11, 0x00,
    0x47, 0x51, 0x00, 0x00, 0x41, 0x26, 0x0d, 0x00, 0x4e, 0x45, 0x00, 0x00,
    0x4f, 0x26, 0x0d, 0x00, 0x4e, 0x47, 0x00, 0x00, 0xb4, 0x25, 0x0c, 0x00,
    0x54, 0x44, 0x00, 0x00, 0x5d, 0x26, 0x0f, 0x00, 0x54, 0x4e, 0x00, 0x00,
    0x6d, 0x26, 0x0c, 0x00, 0x5a, 0x5a, 0x00, 0x00, 0x7a, 0x26, 0x09, 0x00,
    0x30, 0x30, 0x31, 0x00, 0x9c, 0x26, 0x0d, 0x00, 0x41, 0x44, 0x00, 0x00,
    0xaa, 0x26, 0x0e, 0x00, 0x41, 0x54, 0x00, 0x00, 0xb9, 0x26, 0x0d, 0x00,
    0x43, 0x48, 0x00, 0x00, 0xc7, 0x26, 0x0d, 0x00, 0x44, 0x45, 0x00, 0x00,
    0xd5, 0x26, 0x1d, 0x00, 0x47, 0x49, 0x00, 0x00, 0xf3, 0x26, 0x10, 0x00,
    0x49, 0x54, 0x00, 0x00, 0x04, 0x27, 0x0b, 0x00, 0x4c, 0x49, 0x00, 0x00,
    0x10, 0x27, 0x0c, 0x00, 0x4c, 0x55, 0x00, 0x00, 0x1d, 0x27, 0x11, 0x00,
    0x4d, 0x43, 0x00, 0x00, 0x2f, 0x27, 0x0d, 0x00, 0x4d, 0x54, 0x00, 0x00,
    0x3d, 0x27, 0x0c, 0x00, 0x4e, 0x4c, 0x00, 0x00, 0x4a, 0x27, 0x10, 0x00,
    0x4e, 0x4f, 0x00, 0x00, 0x5b, 0x27, 0x0b, 0x00, 0x53, 0x45, 0x00, 0x00,
    0x67, 0x27, 0x10, 0x00, 0x53, 0x4a, 0x00, 0x00, 0x78, 0x27, 0x13, 0x00,
    0x53, 0x4d, 0x00, 0x00, 0x8c, 0x27, 0x11, 0x00, 0x56, 0x41, 0x00, 0x00,
    0x9e, 0x27, 0x0e, 0x00, 0x30, 0x30, 0x31, 0x00, 0xc7, 0x27, 0x09, 0x00,
    0x4d, 0x4e, 0x00, 0x00, 0xc7, 0x27, 0x09, 0x00, 0x30, 0x30, 0x31, 0x00,
    0xe9, 0x27, 0x0d, 0x00, 0x41, 0x51, 0x00, 0x00, 0xf7, 0x27, 0x11, 0x00,
    0x4b, 0x5a, 0x00, 0x00, 0x09, 0x28, 0x46, 0x00, 0x4d, 0x56, 0x00, 0x00,
    0x50, 0x28, 0x0f, 0x00, 0x54, 0x46, 0x00, 0x00, 0x60, 0x28, 0x10, 0x00,
    0x54, 0x4a, 0x00, 0x00, 0x71, 0x28, 0x0d, 0x00, 0x54, 0x4d, 0x00, 0x00,
    0x7f, 0x28, 0x0d, 0x00, 0x55, 0x5a, 0x00, 0x00, 0x8d, 0x28, 0x1c, 0x00,
    0x5a, 0x5a, 0x00, 0x00, 0xaa, 0x28, 0x09, 0x00, 0x30, 0x30, 0x31, 0x00,
    0xcc, 0x28, 0x0b, 0x00, 0x50, 0x53, 0x00, 0x00, 0xd8, 0x28, 0x15, 0x00,
    0x30, 0x30, 0x31, 0x00, 0x09, 0x29, 0x14, 0x00, 0x41, 0x51, 0x00, 0x00,
    0x1e, 0x29, 0x19, 0x00, 0x46, 0x4d, 0x00, 0x00, 0x38, 0x29, 0x0c, 0x00,
    0x47, 0x55, 0x00, 0x00, 0x45, 0x29, 0x0c, 0x00, 0x4d, 0x50, 0x00, 0x00,
    0x52, 0x29, 0x0e, 0x00, 0x50, 0x47, 0x00, 0x00, 0x09, 0x29, 0x14, 0x00,
    0x5a, 0x5a, 0x00, 0x00, 0x61, 0x29, 0x0a, 0x00, 0x30, 0x30, 0x31, 0x00,
    0x82, 0x29, 0x0c, 0x00, 0x52, 0x55, 0x00, 0x00, 0x8f, 0x29, 0x1a, 0x00,
    0x30, 0x30, 0x31, 0x00, 0xbe, 0x29, 0x12, 0x00, 0x43, 0x41, 0x00, 0x00,
    0xd1, 0x29, 0x21, 0x00, 0x61, 0x66, 0x67, 0x68, 0x61, 0x6e, 0x69, 0x73,
    0x74, 0x61, 0x6e, 0x20, 0x73, 0x74, 0x61, 0x6e, 0x64, 0x61, 0x72, 0x64,
    0x20, 0x74, 0x69, 0x6d, 0x65, 0x00, 0x41, 0x73, 0x69, 0x61, 0x2f, 0x4b,
    0x61, 0x62, 0x75, 0x6c, 0x00, 0x61, 0x6c, 0x61, 0x73, 0x6b, 0x61, 0x6e,
    0x20, 0x73, 0x74, 0x61, 0x6e, 0x64, 0x61, 0x72, 0x64, 0x20, 0x74, 0x69,
    0x6d, 0x65, 0x00, 0x41, 0x6d, 0x65, 0x72, 0x69, 0x63, 0x61, 0x2f, 0x41,
    0x6e, 0x63, 0x68, 0x6f, 0x72, 0x61, 0x67, 0x65, 0x00, 0x41, 0x6d, 0x65,
    0x72, 0x69, 0x63, 0x61, 0x2f, 0x41, 0x6e, 0x63, 0x68, 0x6f, 0x72, 0x61,
    0x67, 0x65, 0x20, 0x41, 0x6d, 0x65, 0x72, 0x69, 0x63, 0x61, 0x2f, 0x4a,
    0x75, 0x6e, 0x65, 0x61, 0x75, 0x20, 0x41, 0x6d, 0x65, 0x72, 0x69, 0x63,
    0x61, 0x2f, 0x4d, 0x65, 0x74, 0x6c, 0x61, 0x6b, 0x61, 0x74, 0x6c, 0x61,
    0x20, 0x41, 0x6d, 0x65, 0x72, 0x69, 0x63, 0x61, 0x2f, 0x4e, 0x6f, 0x6d,
    0x65, 0x20, 0x41, 0x6d, 0x65, 0x72, 0x69, 0x63, 0x61, 0x2f, 0x53, 0x69,
    0x74, 0x6b, 0x61, 0x20, 0x41, 0x6d, 0x65, 0x72, 0x69, 0x63, 0x61, 0x2f,
    0x59, 0x61, 0x6b, 0x75, 0x74, 0x61, 0x74, 0x00, 0x61, 0x6c, 0x65, 0x75,
    0x74, 0x69, 0x61, 0x6e, 0x20, 0x73, 0x74, 0x61, 0x6e, 0x64, 0x61, 0x72,
    0x64, 0x20, 0x74, 0x69, 0x6d, 0x65, 0x00, 0x41, 0x6d, 0x65, 0x72, 0x69,
    0x63, 0x61, 0x2f, 0x41, 0x64, 0x61, 0x6b, 0x00, 0x61, 0x6c, 0x74, 0x61,
    0x69, 0x20, 0x73, 0x74, 0x61, 0x6e, 0x64, 0x61, 0x72, 0x64, 0x20, 0x74,
    0x69, 0x6d, 0x65, 0x00, 0x41, 0x73, 0x69, 0x61, 0x2f, 0x42, 0x61, 0x72,
    0x6e, 0x61, 0x75, 0x6c, 0x00, 0x61, 0x72, 0x61, 0x62, 0x20, 0x73, 0x74,
    0x61, 0x6e, 0x64, 0x61, 0x72, 0x64, 0x20, 0x74, 0x69, 0x6d, 0x65, 0x00,
    0x41, 0x73, 0x69, 0x61, 0x2f, 0x52, 0x69, 0x79, 0x61, 0x64, 0x68, 0x00,
    0x41, 0x73, 0x69, 0x61, 0x2f, 0x42, 0x61, 0x68, 0x72, 0x61, 0x69, 0x6e,
    0x00, 0x41, 0x73, 0x69, 0x61, 0x2f, 0x4b, 0x75, 0x77, 0x61, 0x69, 0x74,
    0x00, 0x41, 0x73, 0x69, 0x61, 0x2f, 0x51, 0x61, 0x74, 0x61, 0x72, 0x00,
    0x41, 0x73, 0x69, 0x61, 0x2f, 0x41, 0x64, 0x65, 0x6e, 0x00, 0x61, 0x72,
    0x61, 0x62, 0x69, 0x61, 0x6e, 0x20, 0x73, 0x74, 0x61, 0x6e, 0x64, 0x61,
    0x72, 0x64, 0x20, 0x74, 0x69, 0x6d, 0x65, 0x00, 0x41, 0x73, 0x69, 0x61,
    0x2f, 0x44, 0x75, 0x62, 0x61, 0x69, 0x00, 0x41, 0x73, 0x69, 0x61, 0x2f,
    0x4d, 0x75, 0x73, 0x63, 0x61, 0x74, 0x00, 0x45, 0x74, 0x63, 0x2f, 0x47,
    0x4d, 0x54, 0x2d, 0x34, 0x00, 0x61, 0x72, 0x61, 0x62, 0x69, 0x63, 0x20,
    0x73, 0x74, 0x61, 0x6e, 0x64, 0x61, 0x72, 0x64, 0x20, 0x74, 0x69, 0x6d,
    0x65, 0x00, 0x41, 0x73, 0x69, 0x61, 0x2f, 0x42, 0x61, 0x67, 0x68, 0x64,
    0x61, 0x64, 0x00, 0x61, 0x72, 0x67, 0x65, 0x6e, 0x74, 0x69, 0x6e, 0x61,
    0x20, 0x73, 0x74, 0x61, 0x6e, 0x64, 0x61, 0x72, 0x64, 0x20, 0x74, 0x69,
    0x6d, 0x65, 0x00, 0x41, 0x6d, 0x65, 0x72, 0x69, 0x63, 0x61, 0x2f, 0x42,
    0x75, 0x65, 0x6e, 0x6f, 0x73, 0x5f, 0x41, 0x69, 0x72, 0x65, 0x73, 0x00,
    0x41, 0x6d, 0x65, 0x72, 0x69, 0x63, 0x61, 0x2f, 0x42, 0x75, 0x65, 0x6e,
    0x6f, 0x73, 0x5f, 0x41, 0x69, 0x72, 0x65, 0x73, 0x20, 0x41, 0x6d, 0x65,
    0x72, 0x69, 0x63, 0x61, 0x2f, 0x41, 0x72, 0x67, 0x65, 0x6e, 0x74, 0x69,
    0x6e, 0x61, 0x2f, 0x4c, 0x61, 0x5f, 0x52, 0x69, 0x6f, 0x6a, 0x61, 0x20,
    0x41, 0x6d, 0x65, 0x72, 0x69, 0x63, 0x61, 0x2f, 0x41, 0x72, 0x67, 0x65,
    0x6e, 0x74, 0x69, 0x6e, 0x61, 0x2f, 0x52, 0x69, 0x6f, 0x5f, 0x47, 0x61,
    0x6c, 0x6c, 0x65, 0x67, 0x6f, 0x73, 0x20, 0x41, 0x6d, 0x65, 0x72, 0x69,
    0x63, 0x61, 0x2f, 0x41, 0x72, 0x67, 0x65, 0x6e, 0x74, 0x69, 0x6e, 0x61,
    0x2f, 0x53, 0x61, 0x6c, 0x74, 0x61, 0x20, 0x41, 0x6d, 0x65, 0x72, 0x69,
    0x63, 0x61, 0x2f, 0x41, 0x72, 0x67, 0x65, 0x6e, 0x74, 0x69, 0x6e, 0x61,
    0x2f, 0x53, 0x61, 0x6e, 0x5f, 0x4a, 0x75, 0x61, 0x6e, 0x20, 0x41, 0x6d,
    0x65, 0x72, 0x69, 0x63, 0x61, 0x2f, 0x41, 0x72, 0x67, 0x65, 0x6e, 0x74,
    0x69, 0x6e, 0x61, 0x2f, 0x53, 0x61, 0x6e, 0x5f, 0x4c, 0x75, 0x69, 0x73,
    0x20, 0x41, 0x6d, 0x65, 0x72, 0x69, 0x63, 0x61, 0x2f, 0x41, 0x72, 0x67,
    0x65, 0x6e, 0x74, 0x69, 0x6e, 0x61, 0x2f, 0x54, 0x75, 0x63, 0x75, 0x6d,
    0x61, 0x6e, 0x20, 0x41, 0x6d, 0x65, 0x72, 0x69, 0x63, 0x61, 0x2f, 0x41,
    0x72, 0x67, 0x65, 0x6e, 0x74, 0x69, 0x6e, 0x61, 0x2f, 0x55, 0x73, 0x68,
    0x75, 0x61, 0x69, 0x61, 0x20, 0x41, 0x6d, 0x65, 0x72, 0x69, 0x63, 0x61,
    0x2f, 0x43, 0x61, 0x74, 0x61, 0x6d, 0x61, 0x72, 0x63, 0x61, 0x20, 0x41,
    0x6d, 0x65, 0x72, 0x69, 0x63, 0x61, 0x2f, 0x43, 0x6f, 0x72, 0x64, 0x6f,
    0x62, 0x61, 0x20, 0x41, 0x6d, 0x65, 0x72, 0x69, 0x63, 0x61, 0x2f, 0x4a,
    0x75, 0x6a, 0x75, 0x79, 0x20, 0x41, 0x6d, 0x65, 0x72, 0x69, 0x63, 0x61,
    0x2f, 0x4d, 0x65, 0x6e, 0x64, 0x6f, 0x7a, 0x61, 0x00, 0x61, 0x73, 0x74,
    0x72, 0x61, 0x6b, 0x68, 0x61, 0x6e, 0x20, 0x73, 0x74, 0x61, 0x6e, 0x64,
    0x61, 0x72, 0x64, 0x20, 0x74, 0x69, 0x6d, 0x65, 0x00, 0x45, 0x75, 0x72,
    0x6f, 0x70, 0x65, 0x2f, 0x41, 0x73, 0x74, 0x72, 0x61, 0x6b, 0x68, 0x61,
    0x6e, 0x00, 0x45, 0x75, 0x72, 0x6f, 0x70, 0x65, 0x2f, 0x41, 0x73, 0x74,
    0x72, 0x61, 0x6b, 0x68, 0x61, 0x6e, 0x20, 0x45, 0x75, 0x72, 0x6f, 0x70,
    0x65, 0x2f, 0x55, 0x6c, 0x79, 0x61, 0x6e, 0x6f, 0x76, 0x73, 0x6b, 0x00,
    0x61, 0x74, 0x6c, 0x61, 0x6e, 0x74, 0x69, 0x63, 0x20, 0x73, 0x74, 0x61,
    0x6e, 0x64, 0x61, 0x72, 0x64, 0x20, 0x74, 0x69, 0x6d, 0x65, 0x00, 0x41,
    0x6d, 0x65, 0x72, 0x69, 0x63, 0x61, 0x2f, 0x48, 0x61, 0x6c, 0x69, 0x66,
    0x61, 0x78, 0x00, 0x41, 0x74, 0x6c, 0x61, 0x6e, 0x74, 0x69, 0x63, 0x2f,
    0x42, 0x65, 0x72, 0x6d, 0x75, 0x64, 0x61, 0x00, 0x41, 0x6d, 0x65, 0x72,
    0x69, 0x63, 0x61, 0x2f, 0x48, 0x61, 0x6c, 0x69, 0x66, 0x61, 0x78, 0x20,
    0x41, 0x6d, 0x65, 0x72, 0x69, 0x63, 0x61, 0x2f, 0x47, 0x6c, 0x61, 0x63,
    0x65, 0x5f, 0x42, 0x61, 0x79, 0x20, 0x41, 0x6d, 0x65, 0x72, 0x69, 0x63,
    0x61, 0x2f, 0x47, 0x6f, 0x6f, 0x73, 0x65, 0x5f, 0x42, 0x61, 0x79, 0x20,
    0x41, 0x6d, 0x65, 0x72, 0x69, 0x63, 0x61, 0x2f, 0x4d, 0x6f, 0x6e, 0x63,
    0x74, 0x6f, 0x6e, 0x00, 0x41, 0x6d, 0x65, 0x72, 0x69, 0x63, 0x61, 0x2f,
    0x54, 0x68, 0x75, 0x6c, 0x65, 0x00, 0x61, 0x75, 0x73, 0x20, 0x63, 0x65,
    0x6e, 0x74, 0x72, 0x61, 0x6c, 0x20, 0x73, 0x74, 0x61, 0x6e, 0x64, 0x61,
    0x72, 0x64, 0x20, 0x74, 0x69, 0x6d, 0x65, 0x00, 0x41, 0x75, 0x73, 0x74,
    0x72, 0x61, 0x6c, 0x69, 0x61, 0x2f, 0x44, 0x61, 0x72, 0x77, 0x69, 0x6e,
    0x00, 0x61, 0x75, 0x73, 0x20, 0x63, 0x65, 0x6e, 0x74, 0x72, 0x61, 0x6c,
    0x20, 0x77, 0x2e, 0x20, 0x73, 0x74, 0x61, 0x6e, 0x64, 0x61, 0x72, 0x64,
    0x20, 0x74, 0x69, 0x6d, 0x65, 0x00, 0x41, 0x75, 0x73, 0x74, 0x72, 0x61,
    0x6c, 0x69, 0x61, 0x2f, 0x45, 0x75, 0x63, 0x6c, 0x61, 0x00, 0x61, 0x75,
    0x73, 0x20, 0x65, 0x61, 0x73, 0x74, 0x65, 0x72, 0x6e, 0x20, 0x73, 0x74,
    0x61, 0x6e, 0x64, 0x61, 0x72, 0x64, 0x20, 0x74, 0x69, 0x6d, 0x65, 0x00,
    0x41, 0x75, 0x73, 0x74, 0x72, 0x61, 0x6c, 0x69, 0x61, 0x2f, 0x53, 0x79,
    0x64, 0x6e, 0x65, 0x79, 0x00, 0x41, 0x75, 0x73, 0x74, 0x72, 0x61, 0x6c,
    0x69, 0x61, 0x2f, 0x53, 0x79, 0x64, 0x6e, 0x65, 0x79, 0x20, 0x41, 0x75,
    0x73, 0x74, 0x72, 0x61, 0x6c, 0x69, 0x61, 0x2f, 0x4d, 0x65, 0x6c, 0x62,
    0x6f, 0x75, 0x72, 0x6e, 0x65, 0x00, 0x61, 0x7a, 0x65, 0x72, 0x62, 0x61,
    0x69, 0x6a, 0x61, 0x6e, 0x20, 0x73, 0x74, 0x61, 0x6e, 0x64, 0x61, 0x72,
    0x64, 0x20, 0x74, 0x69, 0x6d, 0x65, 0x00, 0x41, 0x73, 0x69, 0x61, 0x2f,
    0x42, 0x61, 0x6b, 0x75, 0x00, 0x61, 0x7a, 0x6f, 0x72, 0x65, 0x73, 0x20,
    0x73, 0x74, 0x61, 0x6e, 0x64, 0x61, 0x72, 0x64, 0x20, 0x74, 0x69, 0x6d,
    0x65, 0x00, 0x41, 0x74, 0x6c, 0x61, 0x6e, 0x74, 0x69, 0x63, 0x2f, 0x41,
    0x7a, 0x6f, 0x72, 0x65, 0x73, 0x00, 0x41, 0x6d, 0x65, 0x72, 0x69, 0x63,
    0x61, 0x2f, 0x53, 0x63, 0x6f, 0x72, 0x65, 0x73, 0x62, 0x79, 0x73, 0x75,
    0x6e, 0x64, 0x00, 0x62, 0x61, 0x68, 0x69, 0x61, 0x20, 0x73, 0x74, 0x61,
    0x6e, 0x64, 0x61, 0x72, 0x64, 0x20, 0x74, 0x69, 0x6d, 0x65, 0x00, 0x41,
    0x6d, 0x65, 0x72, 0x69, 0x63, 0x61, 0x2f, 0x42, 0x61, 0x68, 0x69, 0x61,
    0x00, 0x62, 0x61, 0x6e, 0x67, 0x6c, 0x61, 0x64, 0x65, 0x73, 0x68, 0x20,
    0x73, 0x74, 0x61, 0x6e, 0x64, 0x61, 0x72, 0x64, 0x20, 0x74, 0x69, 0x6d,
    0x65, 0x00, 0x41, 0x73, 0x69, 0x61, 0x2f, 0x44, 0x68, 0x61, 0x6b, 0x61,
    0x00, 0x41, 0x73, 0x69, 0x61, 0x2f, 0x54, 0x68, 0x69, 0x6d, 0x70, 0x68,
    0x75, 0x00, 0x62, 0x65, 0x6c, 0x61, 0x72, 0x75, 0x73, 0x20, 0x73, 0x74,
    0x61, 0x6e, 0x64, 0x61, 0x72, 0x64, 0x20, 0x74, 0x69, 0x6d, 0x65, 0x00,
    0x45, 0x75, 0x72, 0x6f, 0x70, 0x65, 0x2f, 0x4d, 0x69, 0x6e, 0x73, 0x6b,
    0x00, 0x62, 0x6f, 0x75, 0x67, 0x61, 0x69, 0x6e, 0x76, 0x69, 0x6c, 0x6c,
    0x65, 0x20, 0x73, 0x74, 0x61, 0x6e, 0x64, 0x61, 0x72, 0x64, 0x20, 0x74,
    0x69, 0x6d, 0x65, 0x00, 0x50, 0x61, 0x63, 0x69, 0x66, 0x69, 0x63, 0x2f,
    0x42, 0x6f, 0x75, 0x67, 0x61, 0x69, 0x6e, 0x76, 0x69, 0x6c, 0x6c, 0x65,
    0x00, 0x63, 0x61, 0x6e, 0x61, 0x64, 0x61, 0x20, 0x63, 0x65, 0x6e, 0x74,
    0x72, 0x61, 0x6c, 0x20, 0x73, 0x74, 0x61, 0x6e, 0x64, 0x61, 0x72, 0x64,
    0x20, 0x74, 0x69, 0x6d, 0x65, 0x00, 0x41, 0x6d, 0x65, 0x72, 0x69, 0x63,
    0x61, 0x2f, 0x52, 0x65, 0x67, 0x69, 0x6e, 0x61, 0x00, 0x41, 0x6d, 0x65,
    0x72, 0x69, 0x63, 0x61, 0x2f, 0x52, 0x65, 0x67, 0x69, 0x6e, 0x61, 0x20,
    0x41, 0x6d, 0x65, 0x72, 0x69, 0x63, 0x61, 0x2f, 0x53, 0x77, 0x69, 0x66,
    0x74, 0x5f, 0x43, 0x75, 0x72, 0x72, 0x65, 0x6e, 0x74, 0x00, 0x63, 0x61,
    0x70, 0x65, 0x20, 0x76, 0x65, 0x72, 0x64, 0x65, 0x20, 0x73, 0x74, 0x61,
    0x6e, 0x64, 0x61, 0x72, 0x64, 0x20, 0x74, 0x69, 0x6d, 0x65, 0x00, 0x41,
    0x74, 0x6c, 0x61, 0x6e, 0x74, 0x69, 0x63, 0x2f, 0x43, 0x61, 0x70, 0x65,
    0x5f, 0x56, 0x65, 0x72, 0x64, 0x65, 0x00, 0x45, 0x74, 0x63, 0x2f, 0x47,
    0x4d, 0x54, 0x2b, 0x31, 0x00, 0x63, 0x61, 0x75, 0x63, 0x61, 0x73, 0x75,
    0x73, 0x20, 0x73, 0x74, 0x61, 0x6e, 0x64, 0x61, 0x72, 0x64, 0x20, 0x74,
    0x69, 0x6d, 0x65, 0x00, 0x41, 0x73, 0x69, 0x61, 0x2f, 0x59, 0x65, 0x72,
    0x65, 0x76, 0x61, 0x6e, 0x00, 0x63, 0x65, 0x6e, 0x2e, 0x20, 0x61, 0x75,
    0x73, 0x74, 0x72, 0x61, 0x6c, 0x69, 0x61, 0x20, 0x73, 0x74, 0x61, 0x6e,
    0x64, 0x61, 0x72, 0x64, 0x20, 0x74, 0x69, 0x6d, 0x65, 0x00, 0x41, 0x75,
    0x73, 0x74, 0x72, 0x61, 0x6c, 0x69, 0x61, 0x2f, 0x41, 0x64, 0x65, 0x6c,
    0x61, 0x69, 0x64, 0x65, 0x00, 0x41, 0x75, 0x73, 0x74, 0x72, 0x61, 0x6c,
    0x69, 0x61, 0x2f, 0x41, 0x64, 0x65, 0x6c, 0x61, 0x69, 0x64, 0x65, 0x20,
    0x41, 0x75, 0x73, 0x74, 0x72, 0x61, 0x6c, 0x69, 0x61, 0x2f, 0x42, 0x72,
    0x6f, 0x6b, 0x65, 0x6e, 0x5f, 0x48, 0x69, 0x6c, 0x6c, 0x00, 0x63, 0x65,
    0x6e, 0x74, 0x72, 0x61, 0x6c, 0x20, 0x61, 0x6d, 0x65, 0x72, 0x69, 0x63,
    0x61, 0x20, 0x73, 0x74, 0x61, 0x6e, 0x64, 0x61, 0x72, 0x64, 0x20, 0x74,
    0x69, 0x6d, 0x65, 0x00, 0x41, 0x6d, 0x65, 0x72, 0x69, 0x63, 0x61, 0x2f,
    0x47, 0x75, 0x61, 0x74, 0x65, 0x6d, 0x61, 0x6c, 0x61, 0x00, 0x41, 0x6d,
    0x65, 0x72, 0x69, 0x63, 0x61, 0x2f, 0x42, 0x65, 0x6c, 0x69, 0x7a, 0x65,
    0x00, 0x41, 0x6d, 0x65, 0x72, 0x69, 0x63, 0x61, 0x2f, 0x43, 0x6f, 0x73,
    0x74, 0x61, 0x5f, 0x52, 0x69, 0x63, 0x61, 0x00, 0x50, 0x61, 0x63, 0x69,
    0x66, 0x69, 0x63, 0x2f, 0x47, 0x61, 0x6c, 0x61, 0x70, 0x61, 0x67, 0x6f,
    0x73, 0x00, 0x41, 0x6d, 0x65, 0x72, 0x69, 0x63, 0x61, 0x2f, 0x54, 0x65,
    0x67, 0x75, 0x63, 0x69, 0x67, 0x61, 0x6c, 0x70, 0x61, 0x00, 0x41, 0x6d,
    0x65, 0x72, 0x69, 0x63, 0x61, 0x2f, 0x4d, 0x61, 0x6e, 0x61, 0x67, 0x75,
    0x61, 0x00, 0x41, 0x6d, 0x65, 0x72, 0x69, 0x63, 0x61, 0x2f, 0x45, 0x6c,
    0x5f, 0x53, 0x61, 0x6c, 0x76, 0x61, 0x64, 0x6f, 0x72, 0x00, 0x45, 0x74,
    0x63, 0x2f, 0x47, 0x4d, 0x54, 0x2b, 0x36, 0x00, 0x63, 0x65, 0x6e, 0x74,
    0x72, 0x61, 0x6c, 0x20, 0x61, 0x73, 0x69, 0x61, 0x20, 0x73, 0x74, 0x61,
    0x6e, 0x64, 0x61, 0x72, 0x64, 0x20, 0x74, 0x69, 0x6d, 0x65, 0x00, 0x41,
    0x73, 0x69, 0x61, 0x2f, 0x42, 0x69, 0x73, 0x68, 0x6b, 0x65, 0x6b, 0x00,
    0x41, 0x6e, 0x74, 0x61, 0x72, 0x63, 0x74, 0x69, 0x63, 0x61, 0x2f, 0x56,
    0x6f, 0x73, 0x74, 0x6f, 0x6b, 0x00, 0x41, 0x73, 0x69, 0x61, 0x2f, 0x55,
    0x72, 0x75, 0x6d, 0x71, 0x69, 0x00, 0x49, 0x6e, 0x64, 0x69, 0x61, 0x6e,
    0x2f, 0x43, 0x68, 0x61, 0x67, 0x6f, 0x73, 0x00, 0x45, 0x74, 0x63, 0x2f,
    0x47, 0x4d, 0x54, 0x2d, 0x36, 0x00, 0x63, 0x65, 0x6e, 0x74, 0x72, 0x61,
    0x6c, 0x20, 0x62, 0x72, 0x61, 0x7a, 0x69, 0x6c, 0x69, 0x61, 0x6e, 0x20,
    0x73, 0x74, 0x61, 0x6e, 0x64, 0x61, 0x72, 0x64, 0x20, 0x74, 0x69, 0x6d,
    0x65, 0x00, 0x41, 0x6d, 0x65, 0x72, 0x69, 0x63, 0x61, 0x2f, 0x43, 0x75,
    0x69, 0x61, 0x62, 0x61, 0x00, 0x41, 0x6d, 0x65, 0x72, 0x69, 0x63, 0x61,
    0x2f, 0x43, 0x75, 0x69, 0x61, 0x62, 0x61, 0x20, 0x41, 0x6d, 0x65, 0x72,
    0x69, 0x63, 0x61, 0x2f, 0x43, 0x61, 0x6d, 0x70, 0x6f, 0x5f, 0x47, 0x72,
    0x61, 0x6e, 0x64, 0x65, 0x00, 0x63, 0x65, 0x6e, 0x74, 0x72, 0x61, 0x6c,
    0x20, 0x65, 0x75, 0x72, 0x6f, 0x70, 0x65, 0x20, 0x73, 0x74, 0x61, 0x6e,
    0x64, 0x61, 0x72, 0x64, 0x20, 0x74, 0x69, 0x6d, 0x65, 0x00, 0x45, 0x75,
    0x72, 0x6f, 0x70, 0x65, 0x2f, 0x42, 0x75, 0x64, 0x61, 0x70, 0x65, 0x73,
    0x74, 0x00, 0x45, 0x75, 0x72, 0x6f, 0x70, 0x65, 0x2f, 0x54, 0x69, 0x72,
    0x61, 0x6e, 0x65, 0x00, 0x45, 0x75, 0x72, 0x6f, 0x70, 0x65, 0x2f, 0x50,
    0x72, 0x61, 0x67, 0x75, 0x65, 0x00, 0x45, 0x75, 0x72, 0x6f, 0x70, 0x65,
    0x2f, 0x50, 0x6f, 0x64, 0x67, 0x6f, 0x72, 0x69, 0x63, 0x61, 0x00, 0x45,
    0x75, 0x72, 0x6f, 0x70, 0x65, 0x2f, 0x42, 0x65, 0x6c, 0x67, 0x72, 0x61,
    0x64, 0x65, 0x00, 0x45, 0x75, 0x72, 0x6f, 0x70, 0x65, 0x2f, 0x4c, 0x6a,
    0x75, 0x62, 0x6c, 0x6a, 0x61, 0x6e, 0x61, 0x00, 0x45, 0x75, 0x72, 0x6f,
    0x70, 0x65, 0x2f, 0x42, 0x72, 0x61, 0x74, 0x69, 0x73, 0x6c, 0x61, 0x76,
    0x61, 0x00, 0x63, 0x65, 0x6e, 0x74, 0x72, 0x61, 0x6c, 0x20, 0x65, 0x75,
    0x72, 0x6f, 0x70, 0x65, 0x61, 0x6e, 0x20, 0x73, 0x74, 0x61, 0x6e, 0x64,
    0x61, 0x72, 0x64, 0x20, 0x74, 0x69, 0x6d, 0x65, 0x00, 0x45, 0x75, 0x72,
    0x6f, 0x70, 0x65, 0x2f, 0x57, 0x61, 0x72, 0x73, 0x61, 0x77, 0x00, 0x45,
    0x75, 0x72, 0x6f, 0x70, 0x65, 0x2f, 0x53, 0x61, 0x72, 0x61, 0x6a, 0x65,
    0x76, 0x6f, 0x00, 0x45, 0x75, 0x72, 0x6f, 0x70, 0x65, 0x2f, 0x5a, 0x61,
    0x67, 0x72, 0x65, 0x62, 0x00, 0x45, 0x75, 0x72, 0x6f, 0x70, 0x65, 0x2f,
    0x53, 0x6b, 0x6f, 0x70, 0x6a, 0x65, 0x00, 0x63, 0x65, 0x6e, 0x74, 0x72,
    0x61, 0x6c, 0x20, 0x70, 0x61, 0x63, 0x69, 0x66, 0x69, 0x63, 0x20, 0x73,
    0x74, 0x61, 0x6e, 0x64, 0x61, 0x72, 0x64, 0x20, 0x74, 0x69, 0x6d, 0x65,
    0x00, 0x50, 0x61, 0x63, 0x69, 0x66, 0x69, 0x63, 0x2f, 0x47, 0x75, 0x61,
    0x64, 0x61, 0x6c, 0x63, 0x61, 0x6e, 0x61, 0x6c, 0x00, 0x41, 0x6e, 0x74,
    0x61, 0x72, 0x63, 0x74, 0x69, 0x63, 0x61, 0x2f, 0x43, 0x61, 0x73, 0x65,
    0x79, 0x00, 0x50, 0x61, 0x63, 0x69, 0x66, 0x69, 0x63, 0x2f, 0x50, 0x6f,
    0x6e, 0x61, 0x70, 0x65, 0x20, 0x50, 0x61, 0x63, 0x69, 0x66, 0x69, 0x63,
    0x2f, 0x4b, 0x6f, 0x73, 0x72, 0x61, 0x65, 0x00, 0x50, 0x61, 0x63, 0x69,
    0x66, 0x69, 0x63, 0x2f, 0x4e, 0x6f, 0x75, 0x6d, 0x65, 0x61, 0x00, 0x50,
    0x61, 0x63, 0x69, 0x66, 0x69, 0x63, 0x2f, 0x45, 0x66, 0x61, 0x74, 0x65,
    0x00, 0x45, 0x74, 0x63, 0x2f, 0x47, 0x4d, 0x54, 0x2d, 0x31, 0x31, 0x00,
    0x63, 0x65, 0x6e, 0x74, 0x72, 0x61, 0x6c, 0x20, 0x73, 0x74, 0x61, 0x6e,
    0x64, 0x61, 0x72, 0x64, 0x20, 0x74, 0x69, 0x6d, 0x65, 0x00, 0x41, 0x6d,
    0x65, 0x72, 0x69, 0x63, 0x61, 0x2f, 0x43, 0x68, 0x69, 0x63, 0x61, 0x67,
    0x6f, 0x00, 0x41, 0x6d, 0x65, 0x72, 0x69, 0x63, 0x61, 0x2f, 0x57, 0x69,
    0x6e, 0x6e, 0x69, 0x70, 0x65, 0x67, 0x20, 0x41, 0x6d, 0x65, 0x72, 0x69,
    0x63, 0x61, 0x2f, 0x52, 0x61, 0x6e, 0x6b, 0x69, 0x6e, 0x5f, 0x49, 0x6e,
    0x6c, 0x65, 0x74, 0x20, 0x41, 0x6d, 0x65, 0x72, 0x69, 0x63, 0x61, 0x2f,
    0x52, 0x65, 0x73, 0x6f, 0x6c, 0x75, 0x74, 0x65, 0x00, 0x41, 0x6d, 0x65,
    0x72, 0x69, 0x63, 0x61, 0x2f, 0x4d, 0x61, 0x74, 0x61, 0x6d, 0x6f, 0x72,
    0x6f, 0x73, 0x20, 0x41, 0x6d, 0x65, 0x72, 0x69, 0x63, 0x61, 0x2f, 0x4f,
    0x6a, 0x69, 0x6e, 0x61, 0x67, 0x61, 0x00, 0x41, 0x6d, 0x65, 0x72, 0x69,
    0x63, 0x61, 0x2f, 0x43, 0x68, 0x69, 0x63, 0x61, 0x67, 0x6f, 0x20, 0x41,
    0x6d, 0x65, 0x72, 0x69, 0x63, 0x61, 0x2f, 0x49, 0x6e, 0x64, 0x69, 0x61,
    0x6e, 0x61, 0x2f, 0x4b, 0x6e, 0x6f, 0x78, 0x20, 0x41, 0x6d, 0x65, 0x72,
    0x69, 0x63, 0x61, 0x2f, 0x49, 0x6e, 0x64, 0x69, 0x61, 0x6e, 0x61, 0x2f,
    0x54, 0x65, 0x6c, 0x6c, 0x5f, 0x43, 0x69, 0x74, 0x79, 0x20, 0x41, 0x6d,
    0x65, 0x72, 0x69, 0x63, 0x61, 0x2f, 0x4d, 0x65, 0x6e, 0x6f, 0x6d, 0x69,
    0x6e, 0x65, 0x65, 0x20, 0x41, 0x6d, 0x65, 0x72, 0x69, 0x63, 0x61, 0x2f,
    0x4e, 0x6f, 0x72, 0x74, 0x68, 0x5f, 0x44, 0x61, 0x6b, 0x6f, 0x74, 0x61,
    0x2f, 0x42, 0x65, 0x75, 0x6c, 0x61, 0x68, 0x20, 0x41, 0x6d, 0x65, 0x72,
    0x69, 0x63, 0x61, 0x2f, 0x4e, 0x6f, 0x72, 0x74, 0x68, 0x5f, 0x44, 0x61,
    0x6b, 0x6f, 0x74, 0x61, 0x2f, 0x43, 0x65, 0x6e, 0x74, 0x65, 0x72, 0x20,
    0x41, 0x6d, 0x65, 0x72, 0x69, 0x63, 0x61, 0x2f, 0x4e, 0x6f, 0x72, 0x74,
    0x68, 0x5f, 0x44, 0x61, 0x6b, 0x6f, 0x74, 0x61, 0x2f, 0x4e, 0x65, 0x77,
    0x5f, 0x53, 0x61, 0x6c, 0x65, 0x6d, 0x00, 0x63, 0x65, 0x6e, 0x74, 0x72,
    0x61, 0x6c, 0x20, 0x73, 0x74, 0x61, 0x6e, 0x64, 0x61, 0x72, 0x64, 0x20,
    0x74, 0x69, 0x6d, 0x65, 0x20, 0x28, 0x6d, 0x65, 0x78, 0x69, 0x63, 0x6f,
    0x29, 0x00, 0x41, 0x6d, 0x65, 0x72, 0x69, 0x63, 0x61, 0x2f, 0x4d, 0x65,
    0x78, 0x69, 0x63, 0x6f, 0x5f, 0x43, 0x69, 0x74, 0x79, 0x00, 0x41, 0x6d,
    0x65, 0x72, 0x69, 0x63, 0x61, 0x2f, 0x4d, 0x65, 0x78, 0x69, 0x63, 0x6f,
    0x5f, 0x43, 0x69, 0x74, 0x79, 0x20, 0x41, 0x6d, 0x65, 0x72, 0x69, 0x63,
    0x61, 0x2f, 0x42, 0x61, 0x68, 0x69, 0x61, 0x5f, 0x42, 0x61, 0x6e, 0x64,
    0x65, 0x72, 0x61, 0x73, 0x20, 0x41, 0x6d, 0x65, 0x72, 0x69, 0x63, 0x61,
    0x2f, 0x4d, 0x65, 0x72, 0x69, 0x64, 0x61, 0x20, 0x41, 0x6d, 0x65, 0x72,
    0x69, 0x63, 0x61, 0x2f, 0x4d, 0x6f, 0x6e, 0x74, 0x65, 0x72, 0x72, 0x65,
    0x79, 0x20, 0x41, 0x6d, 0x65, 0x72, 0x69, 0x63, 0x61, 0x2f, 0x43, 0x68,
    0x69, 0x68, 0x75, 0x61, 0x68, 0x75, 0x61, 0x00, 0x63, 0x68, 0x61, 0x74,
    0x68, 0x61, 0x6d, 0x20, 0x69, 0x73, 0x6c, 0x61, 0x6e, 0x64, 0x73, 0x20,
    0x73, 0x74, 0x61, 0x6e, 0x64, 0x61, 0x72, 0x64, 0x20, 0x74, 0x69, 0x6d,
    0x65, 0x00, 0x50, 0x61, 0x63, 0x69, 0x66, 0x69, 0x63, 0x2f, 0x43, 0x68,
    0x61, 0x74, 0x68, 0x61, 0x6d, 0x00, 0x63, 0x68, 0x69, 0x6e, 0x61, 0x20,
    0x73, 0x74, 0x61, 0x6e, 0x64, 0x61, 0x72, 0x64, 0x20, 0x74, 0x69, 0x6d,
    0x65, 0x00, 0x41, 0x73, 0x69, 0x61, 0x2f, 0x53, 0x68, 0x61, 0x6e, 0x67,
    0x68, 0x61, 0x69, 0x00, 0x41, 0x73, 0x69, 0x61, 0x2f, 0x48, 0x6f, 0x6e,
    0x67, 0x5f, 0x4b, 0x6f, 0x6e, 0x67, 0x00, 0x41, 0x73, 0x69, 0x61, 0x2f,
    0x4d, 0x61, 0x63, 0x61, 0x75, 0x00, 0x63, 0x75, 0x62, 0x61, 0x20, 0x73,
    0x74, 0x61, 0x6e, 0x64, 0x61, 0x72, 0x64, 0x20, 0x74, 0x69, 0x6d, 0x65,
    0x00, 0x41, 0x6d, 0x65, 0x72, 0x69, 0x63, 0x61, 0x2f, 0x48, 0x61, 0x76,
    0x61, 0x6e, 0x61, 0x00, 0x64, 0x61, 0x74, 0x65, 0x6c, 0x69, 0x6e, 0x65,
    0x20, 0x73, 0x74, 0x61, 0x6e, 0x64, 0x61, 0x72, 0x64, 0x20, 0x74, 0x69,
    0x6d, 0x65, 0x00, 0x45, 0x74, 0x63, 0x2f, 0x47, 0x4d, 0x54, 0x2b, 0x31,
    0x32, 0x00, 0x65, 0x2e, 0x20, 0x61, 0x66, 0x72, 0x69, 0x63, 0x61, 0x20,
    0x73, 0x74, 0x61, 0x6e, 0x64, 0x61, 0x72, 0x64, 0x20, 0x74, 0x69, 0x6d,
    0x65, 0x00, 0x41, 0x66, 0x72, 0x69, 0x63, 0x61, 0x2f, 0x4e, 0x61, 0x69,
    0x72, 0x6f, 0x62, 0x69, 0x00, 0x41, 0x6e, 0x74, 0x61, 0x72, 0x63, 0x74,
    0x69, 0x63, 0x61, 0x2f, 0x53, 0x79, 0x6f, 0x77, 0x61, 0x00, 0x41, 0x66,
    0x72, 0x69, 0x63, 0x61, 0x2f, 0x44, 0x6a, 0x69, 0x62, 0x6f, 0x75, 0x74,
    0x69, 0x00, 0x41, 0x66, 0x72, 0x69, 0x63, 0x61, 0x2f, 0x41, 0x73, 0x6d,
    0x65, 0x72, 0x61, 0x00, 0x41, 0x66, 0x72, 0x69, 0x63, 0x61, 0x2f, 0x41,
    0x64, 0x64, 0x69, 0x73, 0x5f, 0x41, 0x62, 0x61, 0x62, 0x61, 0x00, 0x49,
    0x6e, 0x64, 0x69, 0x61, 0x6e, 0x2f, 0x43, 0x6f, 0x6d, 0x6f, 0x72, 0x6f,
    0x00, 0x49, 0x6e, 0x64, 0x69, 0x61, 0x6e, 0x2f, 0x41, 0x6e, 0x74, 0x61,
    0x6e, 0x61, 0x6e, 0x61, 0x72, 0x69, 0x76, 0x6f, 0x00, 0x41, 0x66, 0x72,
    0x69, 0x63, 0x61, 0x2f, 0x4d, 0x6f, 0x67, 0x61, 0x64, 0x69, 0x73, 0x68,
    0x75, 0x00, 0x41, 0x66, 0x72, 0x69, 0x63, 0x61, 0x2f, 0x44, 0x61, 0x72,
    0x5f, 0x65, 0x73, 0x5f, 0x53, 0x61, 0x6c, 0x61, 0x61, 0x6d, 0x00, 0x41,
    0x66, 0x72, 0x69, 0x63, 0x61, 0x2f, 0x4b, 0x61, 0x6d, 0x70, 0x61, 0x6c,
    0x61, 0x00, 0x49, 0x6e, 0x64, 0x69, 0x61, 0x6e, 0x2f, 0x4d, 0x61, 0x79,
    0x6f, 0x74, 0x74, 0x65, 0x00, 0x45, 0x74, 0x63, 0x2f, 0x47, 0x4d, 0x54,
    0x2d, 0x33, 0x00, 0x65, 0x2e, 0x20, 0x61, 0x75, 0x73, 0x74, 0x72, 0x61,
    0x6c, 0x69, 0x61, 0x20, 0x73, 0x74, 0x61, 0x6e, 0x64, 0x61, 0x72, 0x64,
    0x20, 0x74, 0x69, 0x6d, 0x65, 0x00, 0x41, 0x75, 0x73, 0x74, 0x72, 0x61,
    0x6c, 0x69, 0x61, 0x2f, 0x42, 0x72, 0x69, 0x73, 0x62, 0x61, 0x6e, 0x65,
    0x00, 0x41, 0x75, 0x73, 0x74, 0x72, 0x61, 0x6c, 0x69, 0x61, 0x2f, 0x42,
    0x72, 0x69, 0x73, 0x62, 0x61, 0x6e, 0x65, 0x20, 0x41, 0x75, 0x73, 0x74,
    0x72, 0x61, 0x6c, 0x69, 0x61, 0x2f, 0x4c, 0x69, 0x6e, 0x64, 0x65, 0x6d,
    0x61, 0x6e, 0x00, 0x65, 0x2e, 0x20, 0x65, 0x75, 0x72, 0x6f, 0x70, 0x65,
    0x20, 0x73, 0x74, 0x61, 0x6e, 0x64, 0x61, 0x72, 0x64, 0x20, 0x74, 0x69,
    0x6d, 0x65, 0x00, 0x45, 0x75, 0x72, 0x6f, 0x70, 0x65, 0x2f, 0x43, 0x68,
    0x69, 0x73, 0x69, 0x6e, 0x61, 0x75, 0x00, 0x65, 0x2e, 0x20, 0x73, 0x6f,
    0x75, 0x74, 0x68, 0x20, 0x61, 0x6d, 0x65, 0x72, 0x69, 0x63, 0x61, 0x20,
    0x73, 0x74, 0x61, 0x6e, 0x64, 0x61, 0x72, 0x64, 0x20, 0x74, 0x69, 0x6d,
    0x65, 0x00, 0x41, 0x6d, 0x65, 0x72, 0x69, 0x63, 0x61, 0x2f, 0x53, 0x61,
    0x6f, 0x5f, 0x50, 0x61, 0x75, 0x6c, 0x6f, 0x00, 0x65, 0x61, 0x73, 0x74,
    0x65, 0x72, 0x20, 0x69, 0x73, 0x6c, 0x61, 0x6e, 0x64, 0x20, 0x73, 0x74,
    0x61, 0x6e, 0x64, 0x61, 0x72, 0x64, 0x20, 0x74, 0x69, 0x6d, 0x65, 0x00,
    0x50, 0x61, 0x63, 0x69, 0x66, 0x69, 0x63, 0x2f, 0x45, 0x61, 0x73, 0x74,
    0x65, 0x72, 0x00, 0x65, 0x61, 0x73, 0x74, 0x65, 0x72, 0x6e, 0x20, 0x73,
    0x74, 0x61, 0x6e, 0x64, 0x61, 0x72, 0x64, 0x20, 0x74, 0x69, 0x6d, 0x65,
    0x00, 0x41, 0x6d, 0x65, 0x72, 0x69, 0x63, 0x61, 0x2f, 0x4e, 0x65, 0x77,
    0x5f, 0x59, 0x6f, 0x72, 0x6b, 0x00, 0x41, 0x6d, 0x65, 0x72, 0x69, 0x63,
    0x61, 0x2f, 0x4e, 0x61, 0x73, 0x73, 0x61, 0x75, 0x00, 0x41, 0x6d, 0x65,
    0x72, 0x69, 0x63, 0x61, 0x2f, 0x54, 0x6f, 0x72, 0x6f, 0x6e, 0x74, 0x6f,
    0x20, 0x41, 0x6d, 0x65, 0x72, 0x69, 0x63, 0x61, 0x2f, 0x49, 0x71, 0x61,
    0x6c, 0x75, 0x69, 0x74, 0x00, 0x41, 0x6d, 0x65, 0x72, 0x69, 0x63, 0x61,
    0x2f, 0x4e, 0x65, 0x77, 0x5f, 0x59, 0x6f, 0x72, 0x6b, 0x20, 0x41, 0x6d,
    0x65, 0x72, 0x69, 0x63, 0x61, 0x2f, 0x44, 0x65, 0x74, 0x72, 0x6f, 0x69,
    0x74, 0x20, 0x41, 0x6d, 0x65, 0x72, 0x69, 0x63, 0x61, 0x2f, 0x49, 0x6e,
    0x64, 0x69, 0x61, 0x6e, 0x61, 0x2f, 0x50, 0x65, 0x74, 0x65, 0x72, 0x73,
    0x62, 0x75, 0x72, 0x67, 0x20, 0x41, 0x6d, 0x65, 0x72, 0x69, 0x63, 0x61,
    0x2f, 0x49, 0x6e, 0x64, 0x69, 0x61, 0x6e, 0x61, 0x2f, 0x56, 0x69, 0x6e,
    0x63, 0x65, 0x6e, 0x6e, 0x65, 0x73, 0x20, 0x41, 0x6d, 0x65, 0x72, 0x69,
    0x63, 0x61, 0x2f, 0x49, 0x6e, 0x64, 0x69, 0x61, 0x6e, 0x61, 0x2f, 0x57,
    0x69, 0x6e, 0x61, 0x6d, 0x61, 0x63, 0x20, 0x41, 0x6d, 0x65, 0x72, 0x69,
    0x63, 0x61, 0x2f, 0x4b, 0x65, 0x6e, 0x74, 0x75, 0x63, 0x6b, 0x79, 0x2f,
    0x4d, 0x6f, 0x6e, 0x74, 0x69, 0x63, 0x65, 0x6c, 0x6c, 0x6f, 0x20, 0x41,
    0x6d, 0x65, 0x72, 0x69, 0x63, 0x61, 0x2f, 0x4c, 0x6f, 0x75, 0x69, 0x73,
    0x76, 0x69, 0x6c, 0x6c, 0x65, 0x00, 0x65, 0x61, 0x73, 0x74, 0x65, 0x72,
    0x6e, 0x20, 0x73, 0x74, 0x61, 0x6e, 0x64, 0x61, 0x72, 0x64, 0x20, 0x74,
    0x69, 0x6d, 0x65, 0x20, 0x28, 0x6d, 0x65, 0x78, 0x69, 0x63, 0x6f, 0x29,
    0x00, 0x41, 0x6d, 0x65, 0x72, 0x69, 0x63, 0x61, 0x2f, 0x43, 0x61, 0x6e,
    0x63, 0x75, 0x6e, 0x00, 0x65, 0x67, 0x79, 0x70, 0x74, 0x20, 0x73, 0x74,
    0x61, 0x6e, 0x64, 0x61, 0x72, 0x64, 0x20, 0x74, 0x69, 0x6d, 0x65, 0x00,
    0x41, 0x66, 0x72, 0x69, 0x63, 0x61, 0x2f, 0x43, 0x61, 0x69, 0x72, 0x6f,
    0x00, 0x65, 0x6b, 0x61, 0x74, 0x65, 0x72, 0x69, 0x6e, 0x62, 0x75, 0x72,
    0x67, 0x20, 0x73, 0x74, 0x61, 0x6e, 0x64, 0x61, 0x72, 0x64, 0x20, 0x74,
    0x69, 0x6d, 0x65, 0x00, 0x41, 0x73, 0x69, 0x61, 0x2f, 0x59, 0x65, 0x6b,
    0x61, 0x74, 0x65, 0x72, 0x69, 0x6e, 0x62, 0x75, 0x72, 0x67, 0x00, 0x66,
    0x69, 0x6a, 0x69, 0x20, 0x73, 0x74, 0x61, 0x6e, 0x64, 0x61, 0x72, 0x64,
    0x20, 0x74, 0x69, 0x6d, 0x65, 0x00, 0x50, 0x61, 0x63, 0x69, 0x66, 0x69,
    0x63, 0x2f, 0x46, 0x69, 0x6a, 0x69, 0x00, 0x66, 0x6c, 0x65, 0x20, 0x73,
    0x74, 0x61, 0x6e, 0x64, 0x61, 0x72, 0x64, 0x20, 0x74, 0x69, 0x6d, 0x65,
    0x00, 0x45, 0x75, 0x72, 0x6f, 0x70, 0x65, 0x2f, 0x4b, 0x69, 0x65, 0x76,
    0x00, 0x45, 0x75, 0x72, 0x6f, 0x70, 0x65, 0x2f, 0x4d, 0x61, 0x72, 0x69,
    0x65, 0x68, 0x61, 0x6d, 0x6e, 0x00, 0x45, 0x75, 0x72, 0x6f, 0x70, 0x65,
    0x2f, 0x53, 0x6f, 0x66, 0x69, 0x61, 0x00, 0x45, 0x75, 0x72, 0x6f, 0x70,
    0x65, 0x2f, 0x54, 0x61, 0x6c, 0x6c, 0x69, 0x6e, 0x6e, 0x00, 0x45, 0x75,
    0x72, 0x6f, 0x70, 0x65, 0x2f, 0x48, 0x65, 0x6c, 0x73, 0x69, 0x6e, 0x6b,
    0x69, 0x00, 0x45, 0x75, 0x72, 0x6f, 0x70, 0x65, 0x2f, 0x56, 0x69, 0x6c,
    0x6e, 0x69, 0x75, 0x73, 0x00, 0x45, 0x75, 0x72, 0x6f, 0x70, 0x65, 0x2f,
    0x52, 0x69, 0x67, 0x61, 0x00, 0x67, 0x65, 0x6f, 0x72, 0x67, 0x69, 0x61,
    0x6e, 0x20, 0x73, 0x74, 0x61, 0x6e, 0x64, 0x61, 0x72, 0x64, 0x20, 0x74,
    0x69, 0x6d, 0x65, 0x00, 0x41, 0x73, 0x69, 0x61, 0x2f, 0x54, 0x62, 0x69,
    0x6c, 0x69, 0x73, 0x69, 0x00, 0x67, 0x6d, 0x74, 0x20, 0x73, 0x74, 0x61,
    0x6e, 0x64, 0x61, 0x72, 0x64, 0x20, 0x74, 0x69, 0x6d, 0x65, 0x00, 0x45,
    0x75, 0x72, 0x6f, 0x70, 0x65, 0x2f, 0x4c, 0x6f, 0x6e, 0x64, 0x6f, 0x6e,
    0x00, 0x41, 0x74, 0x6c, 0x61, 0x6e, 0x74, 0x69, 0x63, 0x2f, 0x43, 0x61,
    0x6e, 0x61, 0x72, 0x79, 0x00, 0x41, 0x74, 0x6c, 0x61, 0x6e, 0x74, 0x69,
    0x63, 0x2f, 0x46, 0x61, 0x65, 0x72, 0x6f, 0x65, 0x00, 0x45, 0x75, 0x72,
    0x6f, 0x70, 0x65, 0x2f, 0x47, 0x75, 0x65, 0x72, 0x6e, 0x73, 0x65, 0x79,
    0x00, 0x45, 0x75, 0x72, 0x6f, 0x70, 0x65, 0x2f, 0x44, 0x75, 0x62, 0x6c,
    0x69, 0x6e, 0x00, 0x45, 0x75, 0x72, 0x6f, 0x70, 0x65, 0x2f, 0x49, 0x73,
    0x6c, 0x65, 0x5f, 0x6f, 0x66, 0x5f, 0x4d, 0x61, 0x6e, 0x00, 0x45, 0x75,
    0x72, 0x6f, 0x70, 0x65, 0x2f, 0x4a, 0x65, 0x72, 0x73, 0x65, 0x79, 0x00,
    0x45, 0x75, 0x72, 0x6f, 0x70, 0x65, 0x2f, 0x4c, 0x69, 0x73, 0x62, 0x6f,
    0x6e, 0x20, 0x41, 0x74, 0x6c, 0x61, 0x6e, 0x74, 0x69, 0x63, 0x2f, 0x4d,
    0x61, 0x64, 0x65, 0x69, 0x72, 0x61, 0x00, 0x67, 0x72, 0x65, 0x65, 0x6e,
    0x6c, 0x61, 0x6e, 0x64, 0x20, 0x73, 0x74, 0x61, 0x6e, 0x64, 0x61, 0x72,
    0x64, 0x20, 0x74, 0x69, 0x6d, 0x65, 0x00, 0x41, 0x6d, 0x65, 0x72, 0x69,
    0x63, 0x61, 0x2f, 0x47, 0x6f, 0x64, 0x74, 0x68, 0x61, 0x62, 0x00, 0x67,
    0x72, 0x65, 0x65, 0x6e, 0x77, 0x69, 0x63, 0x68, 0x20, 0x73, 0x74, 0x61,
    0x6e, 0x64, 0x61, 0x72, 0x64, 0x20, 0x74, 0x69, 0x6d, 0x65, 0x00, 0x41,
    0x74, 0x6c, 0x61, 0x6e, 0x74, 0x69, 0x63, 0x2f, 0x52, 0x65, 0x79, 0x6b,
    0x6a, 0x61, 0x76, 0x69, 0x6b, 0x00, 0x41, 0x66, 0x72, 0x69, 0x63, 0x61,
    0x2f, 0x4f, 0x75, 0x61, 0x67, 0x61, 0x64, 0x6f, 0x75, 0x67, 0x6f, 0x75,
    0x00, 0x41, 0x66, 0x72, 0x69, 0x63, 0x61, 0x2f, 0x41, 0x62, 0x69, 0x64,
    0x6a, 0x61, 0x6e, 0x00, 0x41, 0x66, 0x72, 0x69, 0x63, 0x61, 0x2f, 0x41,
    0x63, 0x63, 0x72, 0x61, 0x00, 0x41, 0x6d, 0x65, 0x72, 0x69, 0x63, 0x61,
    0x2f, 0x44, 0x61, 0x6e, 0x6d, 0x61, 0x72, 0x6b, 0x73, 0x68, 0x61, 0x76,
    0x6e, 0x00, 0x41, 0x66, 0x72, 0x69, 0x63, 0x61, 0x2f, 0x42, 0x61, 0x6e,
    0x6a, 0x75, 0x6c, 0x00, 0x41, 0x66, 0x72, 0x69, 0x63, 0x61, 0x2f, 0x43,
    0x6f, 0x6e, 0x61, 0x6b, 0x72, 0x79, 0x00, 0x41, 0x66, 0x72, 0x69, 0x63,
    0x61, 0x2f, 0x42, 0x69, 0x73, 0x73, 0x61, 0x75, 0x00, 0x41, 0x66, 0x72,
    0x69, 0x63, 0x61, 0x2f, 0x4d, 0x6f, 0x6e, 0x72, 0x6f, 0x76, 0x69, 0x61,
    0x00, 0x41, 0x66, 0x72, 0x69, 0x63, 0x61, 0x2f, 0x42, 0x61, 0x6d, 0x61,
    0x6b, 0x6f, 0x00, 0x41, 0x66, 0x72, 0x69, 0x63, 0x61, 0x2f, 0x4e, 0x6f,
    0x75, 0x61, 0x6b, 0x63, 0x68, 0x6f, 0x74, 0x74, 0x00, 0x41, 0x74, 0x6c,
    0x61, 0x6e, 0x74, 0x69, 0x63, 0x2f, 0x53, 0x74, 0x5f, 0x48, 0x65, 0x6c,
    0x65, 0x6e, 0x61, 0x00, 0x41, 0x66, 0x72, 0x69, 0x63, 0x61, 0x2f, 0x46,
    0x72, 0x65, 0x65, 0x74, 0x6f, 0x77, 0x6e, 0x00, 0x41, 0x66, 0x72, 0x69,
    0x63, 0x61, 0x2f, 0x44, 0x61, 0x6b, 0x61, 0x72, 0x00, 0x41, 0x66, 0x72,
    0x69, 0x63, 0x61, 0x2f, 0x4c, 0x6f, 0x6d, 0x65, 0x00, 0x67, 0x74, 0x62,
    0x20, 0x73, 0x74, 0x61, 0x6e, 0x64, 0x61, 0x72, 0x64, 0x20, 0x74, 0x69,
    0x6d, 0x65, 0x00, 0x45, 0x75, 0x72, 0x6f, 0x70, 0x65, 0x2f, 0x42, 0x75,
    0x63, 0x68, 0x61, 0x72, 0x65, 0x73, 0x74, 0x00, 0x41, 0x73, 0x69, 0x61,
    0x2f, 0x4e, 0x69, 0x63, 0x6f, 0x73, 0x69, 0x61, 0x20, 0x41, 0x73, 0x69,
    0x61, 0x2f, 0x46, 0x61, 0x6d, 0x61, 0x67, 0x75, 0x73, 0x74, 0x61, 0x00,
    0x45, 0x75, 0x72, 0x6f, 0x70, 0x65, 0x2f, 0x41, 0x74, 0x68, 0x65, 0x6e,
    0x73, 0x00, 0x68, 0x61, 0x69, 0x74, 0x69, 0x20, 0x73, 0x74, 0x61, 0x6e,
    0x64, 0x61, 0x72, 0x64, 0x20, 0x74, 0x69, 0x6d, 0x65, 0x00, 0x41, 0x6d,
    0x65, 0x72, 0x69, 0x63, 0x61, 0x2f, 0x50, 0x6f, 0x72, 0x74, 0x2d, 0x61,
    0x75, 0x2d, 0x50, 0x72, 0x69, 0x6e, 0x63, 0x65, 0x00, 0x68, 0x61, 0x77,
    0x61, 0x69, 0x69, 0x61, 0x6e, 0x20, 0x73, 0x74, 0x61, 0x6e, 0x64, 0x61,
    0x72, 0x64, 0x20, 0x74, 0x69, 0x6d, 0x65, 0x00, 0x50, 0x61, 0x63, 0x69,
    0x66, 0x69, 0x63, 0x2f, 0x48, 0x6f, 0x6e, 0x6f, 0x6c, 0x75, 0x6c, 0x75,
    0x00, 0x50, 0x61, 0x63, 0x69, 0x66, 0x69, 0x63, 0x2f, 0x52, 0x61, 0x72,
    0x6f, 0x74, 0x6f, 0x6e, 0x67, 0x61, 0x00, 0x50, 0x61, 0x63, 0x69, 0x66,
    0x69, 0x63, 0x2f, 0x54, 0x61, 0x68, 0x69, 0x74, 0x69, 0x00, 0x45, 0x74,
    0x63, 0x2f, 0x47, 0x4d, 0x54, 0x2b, 0x31, 0x30, 0x00, 0x69, 0x6e, 0x64,
    0x69, 0x61, 0x20, 0x73, 0x74, 0x61, 0x6e, 0x64, 0x61, 0x72, 0x64, 0x20,
    0x74, 0x69, 0x6d, 0x65, 0x00, 0x41, 0x73, 0x69, 0x61, 0x2f, 0x43, 0x61,
    0x6c, 0x63, 0x75, 0x74, 0x74, 0x61, 0x00, 0x69, 0x72, 0x61, 0x6e, 0x20,
    0x73, 0x74, 0x61, 0x6e, 0x64, 0x61, 0x72, 0x64, 0x20, 0x74, 0x69, 0x6d,
    0x65, 0x00, 0x41, 0x73, 0x69, 0x61, 0x2f, 0x54, 0x65, 0x68, 0x72, 0x61,
    0x6e, 0x00, 0x69, 0x73, 0x72, 0x61, 0x65, 0x6c, 0x20, 0x73, 0x74, 0x61,
    0x6e, 0x64, 0x61, 0x72, 0x64, 0x20, 0x74, 0x69, 0x6d, 0x65, 0x00, 0x41,
    0x73, 0x69, 0x61, 0x2f, 0x4a, 0x65, 0x72, 0x75, 0x73, 0x61, 0x6c, 0x65,
    0x6d, 0x00, 0x6a, 0x6f, 0x72, 0x64, 0x61, 0x6e, 0x20, 0x73, 0x74, 0x61,
    0x6e, 0x64, 0x61, 0x72, 0x64, 0x20, 0x74, 0x69, 0x6d, 0x65, 0x00, 0x41,
    0x73, 0x69, 0x61, 0x2f, 0x41, 0x6d, 0x6d, 0x61, 0x6e, 0x00, 0x6b, 0x61,
    0x6c, 0x69, 0x6e, 0x69, 0x6e, 0x67, 0x72, 0x61, 0x64, 0x20, 0x73, 0x74,
    0x61, 0x6e, 0x64, 0x61, 0x72, 0x64, 0x20, 0x74, 0x69, 0x6d, 0x65, 0x00,
    0x45, 0x75, 0x72, 0x6f, 0x70, 0x65, 0x2f, 0x4b, 0x61, 0x6c, 0x69, 0x6e,
    0x69, 0x6e, 0x67, 0x72, 0x61, 0x64, 0x00, 0x6b, 0x6f, 0x72, 0x65, 0x61,
    0x20, 0x73, 0x74, 0x61, 0x6e, 0x64, 0x61, 0x72, 0x64, 0x20, 0x74, 0x69,
    0x6d, 0x65, 0x00, 0x41, 0x73, 0x69, 0x61, 0x2f, 0x53, 0x65, 0x6f, 0x75,
    0x6c, 0x00, 0x6c, 0x69, 0x62, 0x79, 0x61, 0x20, 0x73, 0x74, 0x61, 0x6e,
    0x64, 0x61, 0x72, 0x64, 0x20, 0x74, 0x69, 0x6d, 0x65, 0x00, 0x41, 0x66,
    0x72, 0x69, 0x63, 0x61, 0x2f, 0x54, 0x72, 0x69, 0x70, 0x6f, 0x6c, 0x69,
    0x00, 0x6c, 0x69, 0x6e, 0x65, 0x20, 0x69, 0x73, 0x6c, 0x61, 0x6e, 0x64,
    0x73, 0x20, 0x73, 0x74, 0x61, 0x6e, 0x64, 0x61, 0x72, 0x64, 0x20, 0x74,
    0x69, 0x6d, 0x65, 0x00, 0x50, 0x61, 0x63, 0x69, 0x66, 0x69, 0x63, 0x2f,
    0x4b, 0x69, 0x72, 0x69, 0x74, 0x69, 0x6d, 0x61, 0x74, 0x69, 0x00, 0x45,
    0x74, 0x63, 0x2f, 0x47, 0x4d, 0x54, 0x2d, 0x31, 0x34, 0x00, 0x6c, 0x6f,
    0x72, 0x64, 0x20, 0x68, 0x6f, 0x77, 0x65, 0x20, 0x73, 0x74, 0x61, 0x6e,
    0x64, 0x61, 0x72, 0x64, 0x20, 0x74, 0x69, 0x6d, 0x65, 0x00, 0x41, 0x75,
    0x73, 0x74, 0x72, 0x61, 0x6c, 0x69, 0x61, 0x2f, 0x4c, 0x6f, 0x72, 0x64,
    0x5f, 0x48, 0x6f, 0x77, 0x65, 0x00, 0x6d, 0x61, 0x67, 0x61, 0x64, 0x61,
    0x6e, 0x20, 0x73, 0x74, 0x61, 0x6e, 0x64, 0x61, 0x72, 0x64, 0x20, 0x74,
    0x69, 0x6d, 0x65, 0x00, 0x41, 0x73, 0x69, 0x61, 0x2f, 0x4d, 0x61, 0x67,
    0x61, 0x64, 0x61, 0x6e, 0x00, 0x6d, 0x61, 0x67, 0x61, 0x6c, 0x6c, 0x61,
    0x6e, 0x65, 0x73, 0x20, 0x73, 0x74, 0x61, 0x6e, 0x64, 0x61, 0x72, 0x64,
    0x20, 0x74, 0x69, 0x6d, 0x65, 0x00, 0x41, 0x6d, 0x65, 0x72, 0x69, 0x63,
    0x61, 0x2f, 0x50, 0x75, 0x6e, 0x74, 0x61, 0x5f, 0x41, 0x72, 0x65, 0x6e,
    0x61, 0x73, 0x00, 0x41, 0x6d, 0x65, 0x72, 0x69, 0x63, 0x61, 0x2f, 0x50,
    0x75, 0x6e, 0x74, 0x61, 0x5f, 0x41, 0x72, 0x65, 0x6e, 0x61, 0x73, 0x20,
    0x41, 0x6d, 0x65, 0x72, 0x69, 0x63, 0x61, 0x2f, 0x43, 0x6f, 0x79, 0x68,
    0x61, 0x69, 0x71, 0x75, 0x65, 0x00, 0x6d, 0x61, 0x72, 0x71, 0x75, 0x65,
    0x73, 0x61, 0x73, 0x20, 0x73, 0x74, 0x61, 0x6e, 0x64, 0x61, 0x72, 0x64,
    0x20, 0x74, 0x69, 0x6d, 0x65, 0x00, 0x50, 0x61, 0x63, 0x69, 0x66, 0x69,
    0x63, 0x2f, 0x4d, 0x61, 0x72, 0x71, 0x75, 0x65, 0x73, 0x61, 0x73, 0x00,
    0x6d, 0x61, 0x75, 0x72, 0x69, 0x74, 0x69, 0x75, 0x73, 0x20, 0x73, 0x74,
    0x61, 0x6e, 0x64, 0x61, 0x72, 0x64, 0x20, 0x74, 0x69, 0x6d, 0x65, 0x00,
    0x49, 0x6e, 0x64, 0x69, 0x61, 0x6e, 0x2f, 0x4d, 0x61, 0x75, 0x72, 0x69,
    0x74, 0x69, 0x75, 0x73, 0x00, 0x49, 0x6e, 0x64, 0x69, 0x61, 0x6e, 0x2f,
    0x52, 0x65, 0x75, 0x6e, 0x69, 0x6f, 0x6e, 0x00, 0x49, 0x6e, 0x64, 0x69,
    0x61, 0x6e, 0x2f, 0x4d, 0x61, 0x68, 0x65, 0x00, 0x6d, 0x69, 0x64, 0x64,
    0x6c, 0x65, 0x20, 0x65, 0x61, 0x73, 0x74, 0x20, 0x73, 0x74, 0x61, 0x6e,
    0x64, 0x61, 0x72, 0x64, 0x20, 0x74, 0x69, 0x6d, 0x65, 0x00, 0x41, 0x73,
    0x69, 0x61, 0x2f, 0x42, 0x65, 0x69, 0x72, 0x75, 0x74, 0x00, 0x6d, 0x6f,
    0x6e, 0x74, 0x65, 0x76, 0x69, 0x64, 0x65, 0x6f, 0x20, 0x73, 0x74, 0x61,
    0x6e, 0x64, 0x61, 0x72, 0x64, 0x20, 0x74, 0x69, 0x6d, 0x65, 0x00, 0x41,
    0x6d, 0x65, 0x72, 0x69, 0x63, 0x61, 0x2f, 0x4d, 0x6f, 0x6e, 0x74, 0x65,
    0x76, 0x69, 0x64, 0x65, 0x6f, 0x00, 0x6d, 0x6f, 0x72, 0x6f, 0x63, 0x63,
    0x6f, 0x20, 0x73, 0x74, 0x61, 0x6e, 0x64, 0x61, 0x72, 0x64, 0x20, 0x74,
    0x69, 0x6d, 0x65, 0x00, 0x41, 0x66, 0x72, 0x69, 0x63, 0x61, 0x2f, 0x43,
    0x61, 0x73, 0x61, 0x62, 0x6c, 0x61, 0x6e, 0x63, 0x61, 0x00, 0x41, 0x66,
    0x72, 0x69, 0x63, 0x61, 0x2f, 0x45, 0x6c, 0x5f, 0x41, 0x61, 0x69, 0x75,
    0x6e, 0x00, 0x6d, 0x6f, 0x75, 0x6e, 0x74, 0x61, 0x69, 0x6e, 0x20, 0x73,
    0x74, 0x61, 0x6e, 0x64, 0x61, 0x72, 0x64, 0x20, 0x74, 0x69, 0x6d, 0x65,
    0x00, 0x41, 0x6d, 0x65, 0x72, 0x69, 0x63, 0x61, 0x2f, 0x44, 0x65, 0x6e,
    0x76, 0x65, 0x72, 0x00, 0x41, 0x6d, 0x65, 0x72, 0x69, 0x63, 0x61, 0x2f,
    0x45, 0x64, 0x6d, 0x6f, 0x6e, 0x74, 0x6f, 0x6e, 0x20, 0x41, 0x6d, 0x65,
    0x72, 0x69, 0x63, 0x61, 0x2f, 0x43, 0x61, 0x6d, 0x62, 0x72, 0x69, 0x64,
    0x67, 0x65, 0x5f, 0x42, 0x61, 0x79, 0x20, 0x41, 0x6d, 0x65, 0x72, 0x69,
    0x63, 0x61, 0x2f, 0x49, 0x6e, 0x75, 0x76, 0x69, 0x6b, 0x00, 0x41, 0x6d,
    0x65, 0x72, 0x69, 0x63, 0x61, 0x2f, 0x43, 0x69, 0x75, 0x64, 0x61, 0x64,
    0x5f, 0x4a, 0x75, 0x61, 0x72, 0x65, 0x7a, 0x00, 0x41, 0x6d, 0x65, 0x72,
    0x69, 0x63, 0x61, 0x2f, 0x44, 0x65, 0x6e, 0x76, 0x65, 0x72, 0x20, 0x41,
    0x6d, 0x65, 0x72, 0x69, 0x63, 0x61, 0x2f, 0x42, 0x6f, 0x69, 0x73, 0x65,
    0x00, 0x6d, 0x6f, 0x75, 0x6e, 0x74, 0x61, 0x69, 0x6e, 0x20, 0x73, 0x74,
    0x61, 0x6e, 0x64, 0x61, 0x72, 0x64, 0x20, 0x74, 0x69, 0x6d, 0x65, 0x20,
    0x28, 0x6d, 0x65, 0x78, 0x69, 0x63, 0x6f, 0x29, 0x00, 0x41, 0x6d, 0x65,
    0x72, 0x69, 0x63, 0x61, 0x2f, 0x4d, 0x61, 0x7a, 0x61, 0x74, 0x6c, 0x61,
    0x6e, 0x00, 0x6d, 0x79, 0x61, 0x6e, 0x6d, 0x61, 0x72, 0x20, 0x73, 0x74,
    0x61, 0x6e, 0x64, 0x61, 0x72, 0x64, 0x20, 0x74, 0x69, 0x6d, 0x65, 0x00,
    0x41, 0x73, 0x69, 0x61, 0x2f, 0x52, 0x61, 0x6e, 0x67, 0x6f, 0x6f, 0x6e,
    0x00, 0x49, 0x6e, 0x64, 0x69, 0x61, 0x6e, 0x2f, 0x43, 0x6f, 0x63, 0x6f,
    0x73, 0x00, 0x6e, 0x2e, 0x20, 0x63, 0x65, 0x6e, 0x74, 0x72, 0x61, 0x6c,
    0x20, 0x61, 0x73, 0x69, 0x61, 0x20, 0x73, 0x74, 0x61, 0x6e, 0x64, 0x61,
    0x72, 0x64, 0x20, 0x74, 0x69, 0x6d, 0x65, 0x00, 0x41, 0x73, 0x69, 0x61,
    0x2f, 0x4e, 0x6f, 0x76, 0x6f, 0x73, 0x69, 0x62, 0x69, 0x72, 0x73, 0x6b,
    0x00, 0x6e, 0x61, 0x6d, 0x69, 0x62, 0x69, 0x61, 0x20, 0x73, 0x74, 0x61,
    0x6e, 0x64, 0x61, 0x72, 0x64, 0x20, 0x74, 0x69, 0x6d, 0x65, 0x00, 0x41,
    0x66, 0x72, 0x69, 0x63, 0x61, 0x2f, 0x57, 0x69, 0x6e, 0x64, 0x68, 0x6f,
    0x65, 0x6b, 0x00, 0x6e, 0x65, 0x70, 0x61, 0x6c, 0x20, 0x73, 0x74, 0x61,
    0x6e, 0x64, 0x61, 0x72, 0x64, 0x20, 0x74, 0x69, 0x6d, 0x65, 0x00, 0x41,
    0x73, 0x69, 0x61, 0x2f, 0x4b, 0x61, 0x74, 0x6d, 0x61, 0x6e, 0x64, 0x75,
    0x00, 0x6e, 0x65, 0x77, 0x20, 0x7a, 0x65, 0x61, 0x6c, 0x61, 0x6e, 0x64,
    0x20, 0x73, 0x74, 0x61, 0x6e, 0x64, 0x61, 0x72, 0x64, 0x20, 0x74, 0x69,
    0x6d, 0x65, 0x00, 0x50, 0x61, 0x63, 0x69, 0x66, 0x69, 0x63, 0x2f, 0x41,
    0x75, 0x63, 0x6b, 0x6c, 0x61, 0x6e, 0x64, 0x00, 0x41, 0x6e, 0x74, 0x61,
    0x72, 0x63, 0x74, 0x69, 0x63, 0x61, 0x2f, 0x4d, 0x63, 0x4d, 0x75, 0x72,
    0x64, 0x6f, 0x00, 0x6e, 0x65, 0x77, 0x66, 0x6f, 0x75, 0x6e, 0x64, 0x6c,
    0x61, 0x6e, 0x64, 0x20, 0x73, 0x74, 0x61, 0x6e, 0x64, 0x61, 0x72, 0x64,
    0x20, 0x74, 0x69, 0x6d, 0x65, 0x00, 0x41, 0x6d, 0x65, 0x72, 0x69, 0x63,
    0x61, 0x2f, 0x53, 0x74, 0x5f, 0x4a, 0x6f, 0x68, 0x6e, 0x73, 0x00, 0x6e,
    0x6f, 0x72, 0x66, 0x6f, 0x6c, 0x6b, 0x20, 0x73, 0x74, 0x61, 0x6e, 0x64,
    0x61, 0x72, 0x64, 0x20, 0x74, 0x69, 0x6d, 0x65, 0x00, 0x50, 0x61, 0x63,
    0x69, 0x66, 0x69, 0x63, 0x2f, 0x4e, 0x6f, 0x72, 0x66, 0x6f, 0x6c, 0x6b,
    0x00, 0x6e, 0x6f, 0x72, 0x74, 0x68, 0x20, 0x61, 0x73, 0x69, 0x61, 0x20,
    0x65, 0x61, 0x73, 0x74, 0x20, 0x73, 0x74, 0x61, 0x6e, 0x64, 0x61, 0x72,
    0x64, 0x20, 0x74, 0x69, 0x6d, 0x65, 0x00, 0x41, 0x73, 0x69, 0x61, 0x2f,
    0x49, 0x72, 0x6b, 0x75, 0x74, 0x73, 0x6b, 0x00, 0x6e, 0x6f, 0x72, 0x74,
    0x68, 0x20, 0x61, 0x73, 0x69, 0x61, 0x20, 0x73, 0x74, 0x61, 0x6e, 0x64,
    0x61, 0x72, 0x64, 0x20, 0x74, 0x69, 0x6d, 0x65, 0x00, 0x41, 0x73, 0x69,
    0x61, 0x2f, 0x4b, 0x72, 0x61, 0x73, 0x6e, 0x6f, 0x79, 0x61, 0x72, 0x73,
    0x6b, 0x00, 0x41, 0x73, 0x69, 0x61, 0x2f, 0x4b, 0x72, 0x61, 0x73, 0x6e,
    0x6f, 0x79, 0x61, 0x72, 0x73, 0x6b, 0x20, 0x41, 0x73, 0x69, 0x61, 0x2f,
    0x4e, 0x6f, 0x76, 0x6f, 0x6b, 0x75, 0x7a, 0x6e, 0x65, 0x74, 0x73, 0x6b,
    0x00, 0x6e, 0x6f, 0x72, 0x74, 0x68, 0x20, 0x6b, 0x6f, 0x72, 0x65, 0x61,
    0x20, 0x73, 0x74, 0x61, 0x6e, 0x64, 0x61, 0x72, 0x64, 0x20, 0x74, 0x69,
    0x6d, 0x65, 0x00, 0x41, 0x73, 0x69, 0x61, 0x2f, 0x50, 0x79, 0x6f, 0x6e,
    0x67, 0x79, 0x61, 0x6e, 0x67, 0x00, 0x6f, 0x6d, 0x73, 0x6b, 0x20, 0x73,
    0x74, 0x61, 0x6e, 0x64, 0x61, 0x72, 0x64, 0x20, 0x74, 0x69, 0x6d, 0x65,
    0x00, 0x41, 0x73, 0x69, 0x61, 0x2f, 0x4f, 0x6d, 0x73, 0x6b, 0x00, 0x70,
    0x61, 0x63, 0x69, 0x66, 0x69, 0x63, 0x20, 0x73, 0x61, 0x20, 0x73, 0x74,
    0x61, 0x6e, 0x64, 0x61, 0x72, 0x64, 0x20, 0x74, 0x69, 0x6d, 0x65, 0x00,
    0x41, 0x6d, 0x65, 0x72, 0x69, 0x63, 0x61, 0x2f, 0x53, 0x61, 0x6e, 0x74,
    0x69, 0x61, 0x67, 0x6f, 0x00, 0x70, 0x61, 0x63, 0x69, 0x66, 0x69, 0x63,
    0x20, 0x73, 0x74, 0x61, 0x6e, 0x64, 0x61, 0x72, 0x64, 0x20, 0x74, 0x69,
    0x6d, 0x65, 0x00, 0x41, 0x6d, 0x65, 0x72, 0x69, 0x63, 0x61, 0x2f, 0x4c,
    0x6f, 0x73, 0x5f, 0x41, 0x6e, 0x67, 0x65, 0x6c, 0x65, 0x73, 0x00, 0x41,
    0x6d, 0x65, 0x72, 0x69, 0x63, 0x61, 0x2f, 0x56, 0x61, 0x6e, 0x63, 0x6f,
    0x75, 0x76, 0x65, 0x72, 0x00, 0x70, 0x61, 0x63, 0x69, 0x66, 0x69, 0x63,
    0x20, 0x73, 0x74, 0x61, 0x6e, 0x64, 0x61, 0x72, 0x64, 0x20, 0x74, 0x69,
    0x6d, 0x65, 0x20, 0x28, 0x6d, 0x65, 0x78, 0x69, 0x63, 0x6f, 0x29, 0x00,
    0x41, 0x6d, 0x65, 0x72, 0x69, 0x63, 0x61, 0x2f, 0x54, 0x69, 0x6a, 0x75,
    0x61, 0x6e, 0x61, 0x00, 0x70, 0x61, 0x6b, 0x69, 0x73, 0x74, 0x61, 0x6e,
    0x20, 0x73, 0x74, 0x61, 0x6e, 0x64, 0x61, 0x72, 0x64, 0x20, 0x74, 0x69,
    0x6d, 0x65, 0x00, 0x41, 0x73, 0x69, 0x61, 0x2f, 0x4b, 0x61, 0x72, 0x61,
    0x63, 0x68, 0x69, 0x00, 0x70, 0x61, 0x72, 0x61, 0x67, 0x75, 0x61, 0x79,
    0x20, 0x73, 0x74, 0x61, 0x6e, 0x64, 0x61, 0x72, 0x64, 0x20, 0x74, 0x69,
    0x6d, 0x65, 0x00, 0x41, 0x6d, 0x65, 0x72, 0x69, 0x63, 0x61, 0x2f, 0x41,
    0x73, 0x75, 0x6e, 0x63, 0x69, 0x6f, 0x6e, 0x00, 0x71, 0x79, 0x7a, 0x79,
    0x6c, 0x6f, 0x72, 0x64, 0x61, 0x20, 0x73, 0x74, 0x61, 0x6e, 0x64, 0x61,
    0x72, 0x64, 0x20, 0x74, 0x69, 0x6d, 0x65, 0x00, 0x41, 0x73, 0x69, 0x61,
    0x2f, 0x51, 0x79, 0x7a, 0x79, 0x6c, 0x6f, 0x72, 0x64, 0x61, 0x00, 0x72,
    0x6f, 0x6d, 0x61, 0x6e, 0x63, 0x65, 0x20, 0x73, 0x74, 0x61, 0x6e, 0x64,
    0x61, 0x72, 0x64, 0x20, 0x74, 0x69, 0x6d, 0x65, 0x00, 0x45, 0x75, 0x72,
    0x6f, 0x70, 0x65, 0x2f, 0x50, 0x61, 0x72, 0x69, 0x73, 0x00, 0x45, 0x75,
    0x72, 0x6f, 0x70, 0x65, 0x2f, 0x42, 0x72, 0x75, 0x73, 0x73, 0x65, 0x6c,
    0x73, 0x00, 0x45, 0x75, 0x72, 0x6f, 0x70, 0x65, 0x2f, 0x43, 0x6f, 0x70,
    0x65, 0x6e, 0x68, 0x61, 0x67, 0x65, 0x6e, 0x00, 0x45, 0x75, 0x72, 0x6f,
    0x70, 0x65, 0x2f, 0x4d, 0x61, 0x64, 0x72, 0x69, 0x64, 0x20, 0x41, 0x66,
    0x72, 0x69, 0x63, 0x61, 0x2f, 0x43, 0x65, 0x75, 0x74, 0x61, 0x00, 0x72,
    0x75, 0x73, 0x73, 0x69, 0x61, 0x20, 0x74, 0x69, 0x6d, 0x65, 0x20, 0x7a,
    0x6f, 0x6e, 0x65, 0x20, 0x31, 0x30, 0x00, 0x41, 0x73, 0x69, 0x61, 0x2f,
    0x53, 0x72, 0x65, 0x64, 0x6e, 0x65, 0x6b, 0x6f, 0x6c, 0x79, 0x6d, 0x73,
    0x6b, 0x00, 0x72, 0x75, 0x73, 0x73, 0x69, 0x61, 0x20, 0x74, 0x69, 0x6d,
    0x65, 0x20, 0x7a, 0x6f, 0x6e, 0x65, 0x20, 0x31, 0x31, 0x00, 0x41, 0x73,
    0x69, 0x61, 0x2f, 0x4b, 0x61, 0x6d, 0x63, 0x68, 0x61, 0x74, 0x6b, 0x61,
    0x00, 0x41, 0x73, 0x69, 0x61, 0x2f, 0x4b, 0x61, 0x6d, 0x63, 0x68, 0x61,
    0x74, 0x6b, 0x61, 0x20, 0x41, 0x73, 0x69, 0x61, 0x2f, 0x41, 0x6e, 0x61,
    0x64, 0x79, 0x72, 0x00, 0x72, 0x75, 0x73, 0x73, 0x69, 0x61, 0x20, 0x74,
    0x69, 0x6d, 0x65, 0x20, 0x7a, 0x6f, 0x6e, 0x65, 0x20, 0x33, 0x00, 0x45,
    0x75, 0x72, 0x6f, 0x70, 0x65, 0x2f, 0x53, 0x61, 0x6d, 0x61, 0x72, 0x61,
    0x00, 0x72, 0x75, 0x73, 0x73, 0x69, 0x61, 0x6e, 0x20, 0x73, 0x74, 0x61,
    0x6e, 0x64, 0x61, 0x72, 0x64, 0x20, 0x74, 0x69, 0x6d, 0x65, 0x00, 0x45,
    0x75, 0x72, 0x6f, 0x70, 0x65, 0x2f, 0x4d, 0x6f, 0x73, 0x63, 0x6f, 0x77,
    0x00, 0x45, 0x75, 0x72, 0x6f, 0x70, 0x65, 0x2f, 0x4d, 0x6f, 0x73, 0x63,
    0x6f, 0x77, 0x20, 0x45, 0x75, 0x72, 0x6f, 0x70, 0x65, 0x2f, 0x4b, 0x69,
    0x72, 0x6f, 0x76, 0x00, 0x45, 0x75, 0x72, 0x6f, 0x70, 0x65, 0x2f, 0x53,
    0x69, 0x6d, 0x66, 0x65, 0x72, 0x6f, 0x70, 0x6f, 0x6c, 0x00, 0x73, 0x61,
    0x20, 0x65, 0x61, 0x73, 0x74, 0x65, 0x72, 0x6e, 0x20, 0x73, 0x74, 0x61,
    0x6e, 0x64, 0x61, 0x72, 0x64, 0x20, 0x74, 0x69, 0x6d, 0x65, 0x00, 0x41,
    0x6d, 0x65, 0x72, 0x69, 0x63, 0x61, 0x2f, 0x43, 0x61, 0x79, 0x65, 0x6e,
    0x6e, 0x65, 0x00, 0x41, 0x6e, 0x74, 0x61, 0x72, 0x63, 0x74, 0x69, 0x63,
    0x61, 0x2f, 0x52, 0x6f, 0x74, 0x68, 0x65, 0x72, 0x61, 0x20, 0x41, 0x6e,
    0x74, 0x61, 0x72, 0x63, 0x74, 0x69, 0x63, 0x61, 0x2f, 0x50, 0x61, 0x6c,
    0x6d, 0x65, 0x72, 0x00, 0x41, 0x6d, 0x65, 0x72, 0x69, 0x63, 0x61, 0x2f,
    0x46, 0x6f, 0x72, 0x74, 0x61, 0x6c, 0x65, 0x7a, 0x61, 0x20, 0x41, 0x6d,
    0x65, 0x72, 0x69, 0x63, 0x61, 0x2f, 0x42, 0x65, 0x6c, 0x65, 0x6d, 0x20,
    0x41, 0x6d, 0x65, 0x72, 0x69, 0x63, 0x61, 0x2f, 0x4d, 0x61, 0x63, 0x65,
    0x69, 0x6f, 0x20, 0x41, 0x6d, 0x65, 0x72, 0x69, 0x63, 0x61, 0x2f, 0x52,
    0x65, 0x63, 0x69, 0x66, 0x65, 0x20, 0x41, 0x6d, 0x65, 0x72, 0x69, 0x63,
    0x61, 0x2f, 0x53, 0x61, 0x6e, 0x74, 0x61, 0x72, 0x65, 0x6d, 0x00, 0x41,
    0x74, 0x6c, 0x61, 0x6e, 0x74, 0x69, 0x63, 0x2f, 0x53, 0x74, 0x61, 0x6e,
    0x6c, 0x65, 0x79, 0x00, 0x41, 0x6d, 0x65, 0x72, 0x69, 0x63, 0x61, 0x2f,
    0x50, 0x61, 0x72, 0x61, 0x6d, 0x61, 0x72, 0x69, 0x62, 0x6f, 0x00, 0x45,
    0x74, 0x63, 0x2f, 0x47, 0x4d, 0x54, 0x2b, 0x33, 0x00, 0x73, 0x61, 0x20,
    0x70, 0x61, 0x63, 0x69, 0x66, 0x69, 0x63, 0x20, 0x73, 0x74, 0x61, 0x6e,
    0x64, 0x61, 0x72, 0x64, 0x20, 0x74, 0x69, 0x6d, 0x65, 0x00, 0x41, 0x6d,
    0x65, 0x72, 0x69, 0x63, 0x61, 0x2f, 0x42, 0x6f, 0x67, 0x6f, 0x74, 0x61,
    0x00, 0x41, 0x6d, 0x65, 0x72, 0x69, 0x63, 0x61, 0x2f, 0x52, 0x69, 0x6f,
    0x5f, 0x42, 0x72, 0x61, 0x6e, 0x63, 0x6f, 0x20, 0x41, 0x6d, 0x65, 0x72,
    0x69, 0x63, 0x61, 0x2f, 0x45, 0x69, 0x72, 0x75, 0x6e, 0x65, 0x70, 0x65,
    0x00, 0x41, 0x6d, 0x65, 0x72, 0x69, 0x63, 0x61, 0x2f, 0x43, 0x6f, 0x72,
    0x61, 0x6c, 0x5f, 0x48, 0x61, 0x72, 0x62, 0x6f, 0x75, 0x72, 0x00, 0x41,
    0x6d, 0x65, 0x72, 0x69, 0x63, 0x61, 0x2f, 0x47, 0x75, 0x61, 0x79, 0x61,
    0x71, 0x75, 0x69, 0x6c, 0x00, 0x41, 0x6d, 0x65, 0x72, 0x69, 0x63, 0x61,
    0x2f, 0x4a, 0x61, 0x6d, 0x61, 0x69, 0x63, 0x61, 0x00, 0x41, 0x6d, 0x65,
    0x72, 0x69, 0x63, 0x61, 0x2f, 0x43, 0x61, 0x79, 0x6d, 0x61, 0x6e, 0x00,
    0x41, 0x6d, 0x65, 0x72, 0x69, 0x63, 0x61, 0x2f, 0x50, 0x61, 0x6e, 0x61,
    0x6d, 0x61, 0x00, 0x41, 0x6d, 0x65, 0x72, 0x69, 0x63, 0x61, 0x2f, 0x4c,
    0x69, 0x6d, 0x61, 0x00, 0x45, 0x74, 0x63, 0x2f, 0x47, 0x4d, 0x54, 0x2b,
    0x35, 0x00, 0x73, 0x61, 0x20, 0x77, 0x65, 0x73, 0x74, 0x65, 0x72, 0x6e,
    0x20, 0x73, 0x74, 0x61, 0x6e, 0x64, 0x61, 0x72, 0x64, 0x20, 0x74, 0x69,
    0x6d, 0x65, 0x00, 0x41, 0x6d, 0x65, 0x72, 0x69, 0x63, 0x61, 0x2f, 0x4c,
    0x61, 0x5f, 0x50, 0x61, 0x7a, 0x00, 0x41, 0x6d, 0x65, 0x72, 0x69, 0x63,
    0x61, 0x2f, 0x41, 0x6e, 0x74, 0x69, 0x67, 0x75, 0x61, 0x00, 0x41, 0x6d,
    0x65, 0x72, 0x69, 0x63, 0x61, 0x2f, 0x41, 0x6e, 0x67, 0x75, 0x69, 0x6c,
    0x6c, 0x61, 0x00, 0x41, 0x6d, 0x65, 0x72, 0x69, 0x63, 0x61, 0x2f, 0x41,
    0x72, 0x75, 0x62, 0x61, 0x00, 0x41, 0x6d, 0x65, 0x72, 0x69, 0x63, 0x61,
    0x2f, 0x42, 0x61, 0x72, 0x62, 0x61, 0x64, 0x6f, 0x73, 0x00, 0x41, 0x6d,
    0x65, 0x72, 0x69, 0x63, 0x61, 0x2f, 0x53, 0x74, 0x5f, 0x42, 0x61, 0x72,
    0x74, 0x68, 0x65, 0x6c, 0x65, 0x6d, 0x79, 0x00, 0x41, 0x6d, 0x65, 0x72,
    0x69, 0x63, 0x61, 0x2f, 0x4b, 0x72, 0x61, 0x6c, 0x65, 0x6e, 0x64, 0x69,
    0x6a, 0x6b, 0x00, 0x41, 0x6d, 0x65, 0x72, 0x69, 0x63, 0x61, 0x2f, 0x4d,
    0x61, 0x6e, 0x61, 0x75, 0x73, 0x20, 0x41, 0x6d, 0x65, 0x72, 0x69, 0x63,
    0x61, 0x2f, 0x42, 0x6f, 0x61, 0x5f, 0x56, 0x69, 0x73, 0x74, 0x61, 0x20,
    0x41, 0x6d, 0x65, 0x72, 0x69, 0x63, 0x61, 0x2f, 0x50, 0x6f, 0x72, 0x74,
    0x6f, 0x5f, 0x56, 0x65, 0x6c, 0x68, 0x6f, 0x00, 0x41, 0x6d, 0x65, 0x72,
    0x69, 0x63, 0x61, 0x2f, 0x42, 0x6c, 0x61, 0x6e, 0x63, 0x2d, 0x53, 0x61,
    0x62, 0x6c, 0x6f, 0x6e, 0x00, 0x41, 0x6d, 0x65, 0x72, 0x69, 0x63, 0x61,
    0x2f, 0x43, 0x75, 0x72, 0x61, 0x63, 0x61, 0x6f, 0x00, 0x41, 0x6d, 0x65,
    0x72, 0x69, 0x63, 0x61, 0x2f, 0x44, 0x6f, 0x6d, 0x69, 0x6e, 0x69, 0x63,
    0x61, 0x00, 0x41, 0x6d, 0x65, 0x72, 0x69, 0x63, 0x61, 0x2f, 0x53, 0x61,
    0x6e, 0x74, 0x6f, 0x5f, 0x44, 0x6f, 0x6d, 0x69, 0x6e, 0x67, 0x6f, 0x00,
    0x41, 0x6d, 0x65, 0x72, 0x69, 0x63, 0x61, 0x2f, 0x47, 0x72, 0x65, 0x6e,
    0x61, 0x64, 0x61, 0x00, 0x41, 0x6d, 0x65, 0x72, 0x69, 0x63, 0x61, 0x2f,
    0x47, 0x75, 0x61, 0x64, 0x65, 0x6c, 0x6f, 0x75, 0x70, 0x65, 0x00, 0x41,
    0x6d, 0x65, 0x72, 0x69, 0x63, 0x61, 0x2f, 0x47, 0x75, 0x79, 0x61, 0x6e,
    0x61, 0x00, 0x41, 0x6d, 0x65, 0x72, 0x69, 0x63, 0x61, 0x2f, 0x53, 0x74,
    0x5f, 0x4b, 0x69, 0x74, 0x74, 0x73, 0x00, 0x41, 0x6d, 0x65, 0x72, 0x69,
    0x63, 0x61, 0x2f, 0x53, 0x74, 0x5f, 0x4c, 0x75, 0x63, 0x69, 0x61, 0x00,
    0x41, 0x6d, 0x65, 0x72, 0x69, 0x63, 0x61, 0x2f, 0x4d, 0x61, 0x72, 0x69,
    0x67, 0x6f, 0x74, 0x00, 0x41, 0x6d, 0x65, 0x72, 0x69, 0x63, 0x61, 0x2f,
    0x4d, 0x61, 0x72, 0x74, 0x69, 0x6e, 0x69, 0x71, 0x75, 0x65, 0x00, 0x41,
    0x6d, 0x65, 0x72, 0x69, 0x63, 0x61, 0x2f, 0x4d, 0x6f, 0x6e, 0x74, 0x73,
    0x65, 0x72, 0x72, 0x61, 0x74, 0x00, 0x41, 0x6d, 0x65, 0x72, 0x69, 0x63,
    0x61, 0x2f, 0x50, 0x75, 0x65, 0x72, 0x74, 0x6f, 0x5f, 0x52, 0x69, 0x63,
    0x6f, 0x00, 0x41, 0x6d, 0x65, 0x72, 0x69, 0x63, 0x61, 0x2f, 0x4c, 0x6f,
    0x77, 0x65, 0x72, 0x5f, 0x50, 0x72, 0x69, 0x6e, 0x63, 0x65, 0x73, 0x00,
    0x41, 0x6d, 0x65, 0x72, 0x69, 0x63, 0x61, 0x2f, 0x50, 0x6f, 0x72, 0x74,
    0x5f, 0x6f, 0x66, 0x5f, 0x53, 0x70, 0x61, 0x69, 0x6e, 0x00, 0x41, 0x6d,
    0x65, 0x72, 0x69, 0x63, 0x61, 0x2f, 0x53, 0x74, 0x5f, 0x56, 0x69, 0x6e,
    0x63, 0x65, 0x6e, 0x74, 0x00, 0x41, 0x6d, 0x65, 0x72, 0x69, 0x63, 0x61,
    0x2f, 0x54, 0x6f, 0x72, 0x74, 0x6f, 0x6c, 0x61, 0x00, 0x41, 0x6d, 0x65,
    0x72, 0x69, 0x63, 0x61, 0x2f, 0x53, 0x74, 0x5f, 0x54, 0x68, 0x6f, 0x6d,
    0x61, 0x73, 0x00, 0x45, 0x74, 0x63, 0x2f, 0x47, 0x4d, 0x54, 0x2b, 0x34,
    0x00, 0x73, 0x61, 0x69, 0x6e, 0x74, 0x20, 0x70, 0x69, 0x65, 0x72, 0x72,
    0x65, 0x20, 0x73, 0x74, 0x61, 0x6e, 0x64, 0x61, 0x72, 0x64, 0x20, 0x74,
    0x69, 0x6d, 0x65, 0x00, 0x41, 0x6d, 0x65, 0x72, 0x69, 0x63, 0x61, 0x2f,
    0x4d, 0x69, 0x71, 0x75, 0x65, 0x6c, 0x6f, 0x6e, 0x00, 0x73, 0x61, 0x6b,
    0x68, 0x61, 0x6c, 0x69, 0x6e, 0x20, 0x73, 0x74, 0x61, 0x6e, 0x64, 0x61,
    0x72, 0x64, 0x20, 0x74, 0x69, 0x6d, 0x65, 0x00, 0x41, 0x73, 0x69, 0x61,
    0x2f, 0x53, 0x61, 0x6b, 0x68, 0x61, 0x6c, 0x69, 0x6e, 0x00, 0x73, 0x61,
    0x6d, 0x6f, 0x61, 0x20, 0x73, 0x74, 0x61, 0x6e, 0x64, 0x61, 0x72, 0x64,
    0x20, 0x74, 0x69, 0x6d, 0x65, 0x00, 0x50, 0x61, 0x63, 0x69, 0x66, 0x69,
    0x63, 0x2f, 0x41, 0x70, 0x69, 0x61, 0x00, 0x73, 0x61, 0x6f, 0x20, 0x74,
    0x6f, 0x6d, 0x65, 0x20, 0x73, 0x74, 0x61, 0x6e, 0x64, 0x61, 0x72, 0x64,
    0x20, 0x74, 0x69, 0x6d, 0x65, 0x00, 0x41, 0x66, 0x72, 0x69, 0x63, 0x61,
    0x2f, 0x53, 0x61, 0x6f, 0x5f, 0x54, 0x6f, 0x6d, 0x65, 0x00, 0x73, 0x61,
    0x72, 0x61, 0x74, 0x6f, 0x76, 0x20, 0x73, 0x74, 0x61, 0x6e, 0x64, 0x61,
    0x72, 0x64, 0x20, 0x74, 0x69, 0x6d, 0x65, 0x00, 0x45, 0x75, 0x72, 0x6f,
    0x70, 0x65, 0x2f, 0x53, 0x61, 0x72, 0x61, 0x74, 0x6f, 0x76, 0x00, 0x73,
    0x65, 0x20, 0x61, 0x73, 0x69, 0x61, 0x20, 0x73, 0x74, 0x61, 0x6e, 0x64,
    0x61, 0x72, 0x64, 0x20, 0x74, 0x69, 0x6d, 0x65, 0x00, 0x41, 0x73, 0x69,
    0x61, 0x2f, 0x42, 0x61, 0x6e, 0x67, 0x6b, 0x6f, 0x6b, 0x00, 0x41, 0x6e,
    0x74, 0x61, 0x72, 0x63, 0x74, 0x69, 0x63, 0x61, 0x2f, 0x44, 0x61, 0x76,
    0x69, 0x73, 0x00, 0x49, 0x6e, 0x64, 0x69, 0x61, 0x6e, 0x2f, 0x43, 0x68,
    0x72, 0x69, 0x73, 0x74, 0x6d, 0x61, 0x73, 0x00, 0x41, 0x73, 0x69, 0x61,
    0x2f, 0x4a, 0x61, 0x6b, 0x61, 0x72, 0x74, 0x61, 0x20, 0x41, 0x73, 0x69,
    0x61, 0x2f, 0x50, 0x6f, 0x6e, 0x74, 0x69, 0x61, 0x6e, 0x61, 0x6b, 0x00,
    0x41, 0x73, 0x69, 0x61, 0x2f, 0x50, 0x68, 0x6e, 0x6f, 0x6d, 0x5f, 0x50,
    0x65, 0x6e, 0x68, 0x00, 0x41, 0x73, 0x69, 0x61, 0x2f, 0x56, 0x69, 0x65,
    0x6e, 0x74, 0x69, 0x61, 0x6e, 0x65, 0x00, 0x41, 0x73, 0x69, 0x61, 0x2f,
    0x53, 0x61, 0x69, 0x67, 0x6f, 0x6e, 0x00, 0x45, 0x74, 0x63, 0x2f, 0x47,
    0x4d, 0x54, 0x2d, 0x37, 0x00, 0x73, 0x69, 0x6e, 0x67, 0x61, 0x70, 0x6f,
    0x72, 0x65, 0x20, 0x73, 0x74, 0x61, 0x6e, 0x64, 0x61, 0x72, 0x64, 0x20,
    0x74, 0x69, 0x6d, 0x65, 0x00, 0x41, 0x73, 0x69, 0x61, 0x2f, 0x53, 0x69,
    0x6e, 0x67, 0x61, 0x70, 0x6f, 0x72, 0x65, 0x00, 0x41, 0x73, 0x69, 0x61,
    0x2f, 0x42, 0x72, 0x75, 0x6e, 0x65, 0x69, 0x00, 0x41, 0x73, 0x69, 0x61,
    0x2f, 0x4d, 0x61, 0x6b, 0x61, 0x73, 0x73, 0x61, 0x72, 0x00, 0x41, 0x73,
    0x69, 0x61, 0x2f, 0x4b, 0x75, 0x61, 0x6c, 0x61, 0x5f, 0x4c, 0x75, 0x6d,
    0x70, 0x75, 0x72, 0x20, 0x41, 0x73, 0x69, 0x61, 0x2f, 0x4b, 0x75, 0x63,
    0x68, 0x69, 0x6e, 0x67, 0x00, 0x41, 0x73, 0x69, 0x61, 0x2f, 0x4d, 0x61,
    0x6e, 0x69, 0x6c, 0x61, 0x00, 0x45, 0x74, 0x63, 0x2f, 0x47, 0x4d, 0x54,
    0x2d, 0x38, 0x00, 0x73, 0x6f, 0x75, 0x74, 0x68, 0x20, 0x61, 0x66, 0x72,
    0x69, 0x63, 0x61, 0x20, 0x73, 0x74, 0x61, 0x6e, 0x64, 0x61, 0x72, 0x64,
    0x20, 0x74, 0x69, 0x6d, 0x65, 0x00, 0x41, 0x66, 0x72, 0x69, 0x63, 0x61,
    0x2f, 0x4a, 0x6f, 0x68, 0x61, 0x6e, 0x6e, 0x65, 0x73, 0x62, 0x75, 0x72,
    0x67, 0x00, 0x41, 0x66, 0x72, 0x69, 0x63, 0x61, 0x2f, 0x42, 0x75, 0x6a,
    0x75, 0x6d, 0x62, 0x75, 0x72, 0x61, 0x00, 0x41, 0x66, 0x72, 0x69, 0x63,
    0x61, 0x2f, 0x47, 0x61, 0x62, 0x6f, 0x72, 0x6f, 0x6e, 0x65, 0x00, 0x41,
    0x66, 0x72, 0x69, 0x63, 0x61, 0x2f, 0x4c, 0x75, 0x62, 0x75, 0x6d, 0x62,
    0x61, 0x73, 0x68, 0x69, 0x00, 0x41, 0x66, 0x72, 0x69, 0x63, 0x61, 0x2f,
    0x4d, 0x61, 0x73, 0x65, 0x72, 0x75, 0x00, 0x41, 0x66, 0x72, 0x69, 0x63,
    0x61, 0x2f, 0x42, 0x6c, 0x61, 0x6e, 0x74, 0x79, 0x72, 0x65, 0x00, 0x41,
    0x66, 0x72, 0x69, 0x63, 0x61, 0x2f, 0x4d, 0x61, 0x70, 0x75, 0x74, 0x6f,
    0x00, 0x41, 0x66, 0x72, 0x69, 0x63, 0x61, 0x2f, 0x4b, 0x69, 0x67, 0x61,
    0x6c, 0x69, 0x00, 0x41, 0x66, 0x72, 0x69, 0x63, 0x61, 0x2f, 0x4d, 0x62,
    0x61, 0x62, 0x61, 0x6e, 0x65, 0x00, 0x41, 0x66, 0x72, 0x69, 0x63, 0x61,
    0x2f, 0x4c, 0x75, 0x73, 0x61, 0x6b, 0x61, 0x00, 0x41, 0x66, 0x72, 0x69,
    0x63, 0x61, 0x2f, 0x48, 0x61, 0x72, 0x61, 0x72, 0x65, 0x00, 0x45, 0x74,
    0x63, 0x2f, 0x47, 0x4d, 0x54, 0x2d, 0x32, 0x00, 0x73, 0x6f, 0x75, 0x74,
    0x68, 0x20, 0x73, 0x75, 0x64, 0x61, 0x6e, 0x20, 0x73, 0x74, 0x61, 0x6e,
    0x64, 0x61, 0x72, 0x64, 0x20, 0x74, 0x69, 0x6d, 0x65, 0x00, 0x41, 0x66,
    0x72, 0x69, 0x63, 0x61, 0x2f, 0x4a, 0x75, 0x62, 0x61, 0x00, 0x73, 0x72,
    0x69, 0x20, 0x6c, 0x61, 0x6e, 0x6b, 0x61, 0x20, 0x73, 0x74, 0x61, 0x6e,
    0x64, 0x61, 0x72, 0x64, 0x20, 0x74, 0x69, 0x6d, 0x65, 0x00, 0x41, 0x73,
    0x69, 0x61, 0x2f, 0x43, 0x6f, 0x6c, 0x6f, 0x6d, 0x62, 0x6f, 0x00, 0x73,
    0x75, 0x64, 0x61, 0x6e, 0x20, 0x73, 0x74, 0x61, 0x6e, 0x64, 0x61, 0x72,
    0x64, 0x20, 0x74, 0x69, 0x6d, 0x65, 0x00, 0x41, 0x66, 0x72, 0x69, 0x63,
    0x61, 0x2f, 0x4b, 0x68, 0x61, 0x72, 0x74, 0x6f, 0x75, 0x6d, 0x00, 0x73,
    0x79, 0x72, 0x69, 0x61, 0x20, 0x73, 0x74, 0x61, 0x6e, 0x64, 0x61, 0x72,
    0x64, 0x20, 0x74, 0x69, 0x6d, 0x65, 0x00, 0x41, 0x73, 0x69, 0x61, 0x2f,
    0x44, 0x61, 0x6d, 0x61, 0x73, 0x63, 0x75, 0x73, 0x00, 0x74, 0x61, 0x69,
    0x70, 0x65, 0x69, 0x20, 0x73, 0x74, 0x61, 0x6e, 0x64, 0x61, 0x72, 0x64,
    0x20, 0x74, 0x69, 0x6d, 0x65, 0x00, 0x41, 0x73, 0x69, 0x61, 0x2f, 0x54,
    0x61, 0x69, 0x70, 0x65, 0x69, 0x00, 0x74, 0x61, 0x73, 0x6d, 0x61, 0x6e,
    0x69, 0x61, 0x20, 0x73, 0x74, 0x61, 0x6e, 0x64, 0x61, 0x72, 0x64, 0x20,
    0x74, 0x69, 0x6d, 0x65, 0x00, 0x41, 0x75, 0x73, 0x74, 0x72, 0x61, 0x6c,
    0x69, 0x61, 0x2f, 0x48, 0x6f, 0x62, 0x61, 0x72, 0x74, 0x00, 0x41, 0x75,
    0x73, 0x74, 0x72, 0x61, 0x6c, 0x69, 0x61, 0x2f, 0x48, 0x6f, 0x62, 0x61,
    0x72, 0x74, 0x20, 0x41, 0x6e, 0x74, 0x61, 0x72, 0x63, 0x74, 0x69, 0x63,
    0x61, 0x2f, 0x4d, 0x61, 0x63, 0x71, 0x75, 0x61, 0x72, 0x69, 0x65, 0x00,
    0x74, 0x6f, 0x63, 0x61, 0x6e, 0x74, 0x69, 0x6e, 0x73, 0x20, 0x73, 0x74,
    0x61, 0x6e, 0x64, 0x61, 0x72, 0x64, 0x20, 0x74, 0x69, 0x6d, 0x65, 0x00,
    0x41, 0x6d, 0x65, 0x72, 0x69, 0x63, 0x61, 0x2f, 0x41, 0x72, 0x61, 0x67,
    0x75, 0x61, 0x69, 0x6e, 0x61, 0x00, 0x74, 0x6f, 0x6b, 0x79, 0x6f, 0x20,
    0x73, 0x74, 0x61, 0x6e, 0x64, 0x61, 0x72, 0x64, 0x20, 0x74, 0x69, 0x6d,
    0x65, 0x00, 0x41, 0x73, 0x69, 0x61, 0x2f, 0x54, 0x6f, 0x6b, 0x79, 0x6f,
    0x00, 0x41, 0x73, 0x69, 0x61, 0x2f, 0x4a, 0x61, 0x79, 0x61, 0x70, 0x75,
    0x72, 0x61, 0x00, 0x50, 0x61, 0x63, 0x69, 0x66, 0x69, 0x63, 0x2f, 0x50,
    0x61, 0x6c, 0x61, 0x75, 0x00, 0x41, 0x73, 0x69, 0x61, 0x2f, 0x44, 0x69,
    0x6c, 0x69, 0x00, 0x45, 0x74, 0x63, 0x2f, 0x47, 0x4d, 0x54, 0x2d, 0x39,
    0x00, 0x74, 0x6f, 0x6d, 0x73, 0x6b, 0x20, 0x73, 0x74, 0x61, 0x6e, 0x64,
    0x61, 0x72, 0x64, 0x20, 0x74, 0x69, 0x6d, 0x65, 0x00, 0x41, 0x73, 0x69,
    0x61, 0x2f, 0x54, 0x6f, 0x6d, 0x73, 0x6b, 0x00, 0x74, 0x6f, 0x6e, 0x67,
    0x61, 0x20, 0x73, 0x74, 0x61, 0x6e, 0x64, 0x61, 0x72, 0x64, 0x20, 0x74,
    0x69, 0x6d, 0x65, 0x00, 0x50, 0x61, 0x63, 0x69, 0x66, 0x69, 0x63, 0x2f,
    0x54, 0x6f, 0x6e, 0x67, 0x61, 0x74, 0x61, 0x70, 0x75, 0x00, 0x74, 0x72,
    0x61, 0x6e, 0x73, 0x62, 0x61, 0x69, 0x6b, 0x61, 0x6c, 0x20, 0x73, 0x74,
    0x61, 0x6e, 0x64, 0x61, 0x72, 0x64, 0x20, 0x74, 0x69, 0x6d, 0x65, 0x00,
    0x41, 0x73, 0x69, 0x61, 0x2f, 0x43, 0x68, 0x69, 0x74, 0x61, 0x00, 0x74,
    0x75, 0x72, 0x6b, 0x65, 0x79, 0x20, 0x73, 0x74, 0x61, 0x6e, 0x64, 0x61,
    0x72, 0x64, 0x20, 0x74, 0x69, 0x6d, 0x65, 0x00, 0x45, 0x75, 0x72, 0x6f,
    0x70, 0x65, 0x2f, 0x49, 0x73, 0x74, 0x61, 0x6e, 0x62, 0x75, 0x6c, 0x00,
    0x74, 0x75, 0x72, 0x6b, 0x73, 0x20, 0x61, 0x6e, 0x64, 0x20, 0x63, 0x61,
    0x69, 0x63, 0x6f, 0x73, 0x20, 0x73, 0x74, 0x61, 0x6e, 0x64, 0x61, 0x72,
    0x64, 0x20, 0x74, 0x69, 0x6d, 0x65, 0x00, 0x41, 0x6d, 0x65, 0x72, 0x69,
    0x63, 0x61, 0x2f, 0x47, 0x72, 0x61, 0x6e, 0x64, 0x5f, 0x54, 0x75, 0x72,
    0x6b, 0x00, 0x75, 0x6c, 0x61, 0x61, 0x6e, 0x62, 0x61, 0x61, 0x74, 0x61,
    0x72, 0x20, 0x73, 0x74, 0x61, 0x6e, 0x64, 0x61, 0x72, 0x64, 0x20, 0x74,
    0x69, 0x6d, 0x65, 0x00, 0x41, 0x73, 0x69, 0x61, 0x2f, 0x55, 0x6c, 0x61,
    0x61, 0x6e, 0x62, 0x61, 0x61, 0x74, 0x61, 0x72, 0x00, 0x75, 0x73, 0x20,
    0x65, 0x61, 0x73, 0x74, 0x65, 0x72, 0x6e, 0x20, 0x73, 0x74, 0x61, 0x6e,
    0x64, 0x61, 0x72, 0x64, 0x20, 0x74, 0x69, 0x6d, 0x65, 0x00, 0x41, 0x6d,
    0x65, 0x72, 0x69, 0x63, 0x61, 0x2f, 0x49, 0x6e, 0x64, 0x69, 0x61, 0x6e,
    0x61, 0x70, 0x6f, 0x6c, 0x69, 0x73, 0x00, 0x41, 0x6d, 0x65, 0x72, 0x69,
    0x63, 0x61, 0x2f, 0x49, 0x6e, 0x64, 0x69, 0x61, 0x6e, 0x61, 0x70, 0x6f,
    0x6c, 0x69, 0x73, 0x20, 0x41, 0x6d, 0x65, 0x72, 0x69, 0x63, 0x61, 0x2f,
    0x49, 0x6e, 0x64, 0x69, 0x61, 0x6e, 0x61, 0x2f, 0x4d, 0x61, 0x72, 0x65,
    0x6e, 0x67, 0x6f, 0x20, 0x41, 0x6d, 0x65, 0x72, 0x69, 0x63, 0x61, 0x2f,
    0x49, 0x6e, 0x64, 0x69, 0x61, 0x6e, 0x61, 0x2f, 0x56, 0x65, 0x76, 0x61,
    0x79, 0x00, 0x75, 0x73, 0x20, 0x6d, 0x6f, 0x75, 0x6e, 0x74, 0x61, 0x69,
    0x6e, 0x20, 0x73, 0x74, 0x61, 0x6e, 0x64, 0x61, 0x72, 0x64, 0x20, 0x74,
    0x69, 0x6d, 0x65, 0x00, 0x41, 0x6d, 0x65, 0x72, 0x69, 0x63, 0x61, 0x2f,
    0x50, 0x68, 0x6f, 0x65, 0x6e, 0x69, 0x78, 0x00, 0x41, 0x6d, 0x65, 0x72,
    0x69, 0x63, 0x61, 0x2f, 0x43, 0x72, 0x65, 0x73, 0x74, 0x6f, 0x6e, 0x20,
    0x41, 0x6d, 0x65, 0x72, 0x69, 0x63, 0x61, 0x2f, 0x44, 0x61, 0x77, 0x73,
    0x6f, 0x6e, 0x5f, 0x43, 0x72, 0x65, 0x65, 0x6b, 0x20, 0x41, 0x6d, 0x65,
    0x72, 0x69, 0x63, 0x61, 0x2f, 0x46, 0x6f, 0x72, 0x74, 0x5f, 0x4e, 0x65,
    0x6c, 0x73, 0x6f, 0x6e, 0x00, 0x41, 0x6d, 0x65, 0x72, 0x69, 0x63, 0x61,
    0x2f, 0x48, 0x65, 0x72, 0x6d, 0x6f, 0x73, 0x69, 0x6c, 0x6c, 0x6f, 0x00,
    0x45, 0x74, 0x63, 0x2f, 0x47, 0x4d, 0x54, 0x2b, 0x37, 0x00, 0x75, 0x74,
    0x63, 0x00, 0x45, 0x74, 0x63, 0x2f, 0x55, 0x54, 0x43, 0x00, 0x45, 0x74,
    0x63, 0x2f, 0x55, 0x54, 0x43, 0x20, 0x45, 0x74, 0x63, 0x2f, 0x47, 0x4d,
    0x54, 0x00, 0x75, 0x74, 0x63, 0x2b, 0x31, 0x32, 0x00, 0x45, 0x74, 0x63,
    0x2f, 0x47, 0x4d, 0x54, 0x2d, 0x31, 0x32, 0x00, 0x50, 0x61, 0x63, 0x69,
    0x66, 0x69, 0x63, 0x2f, 0x54, 0x61, 0x72, 0x61, 0x77, 0x61, 0x00, 0x50,
    0x61, 0x63, 0x69, 0x66, 0x69, 0x63, 0x2f, 0x4d, 0x61, 0x6a, 0x75, 0x72,
    0x6f, 0x20, 0x50, 0x61, 0x63, 0x69, 0x66, 0x69, 0x63, 0x2f, 0x4b, 0x77,
    0x61, 0x6a, 0x61, 0x6c, 0x65, 0x69, 0x6e, 0x00, 0x50, 0x61, 0x63, 0x69,
    0x66, 0x69, 0x63, 0x2f, 0x4e, 0x61, 0x75, 0x72, 0x75, 0x00, 0x50, 0x61,
    0x63, 0x69, 0x66, 0x69, 0x63, 0x2f, 0x46, 0x75, 0x6e, 0x61, 0x66, 0x75,
    0x74, 0x69, 0x00, 0x50, 0x61, 0x63, 0x69, 0x66, 0x69, 0x63, 0x2f, 0x57,
    0x61, 0x6b, 0x65, 0x00, 0x50, 0x61, 0x63, 0x69, 0x66, 0x69, 0x63, 0x2f,
    0x57, 0x61, 0x6c, 0x6c, 0x69, 0x73, 0x00, 0x75, 0x74, 0x63, 0x2b, 0x31,
    0x33, 0x00, 0x45, 0x74, 0x63, 0x2f, 0x47, 0x4d, 0x54, 0x2d, 0x31, 0x33,
    0x00, 0x50, 0x61, 0x63, 0x69, 0x66, 0x69, 0x63, 0x2f, 0x45, 0x6e, 0x64,
    0x65, 0x72, 0x62, 0x75, 0x72, 0x79, 0x00, 0x50, 0x61, 0x63, 0x69, 0x66,
    0x69, 0x63, 0x2f, 0x46, 0x61, 0x6b, 0x61, 0x6f, 0x66, 0x6f, 0x00, 0x75,
    0x74, 0x63, 0x2d, 0x30, 0x32, 0x00, 0x45, 0x74, 0x63, 0x2f, 0x47, 0x4d,
    0x54, 0x2b, 0x32, 0x00, 0x41, 0x6d, 0x65, 0x72, 0x69, 0x63, 0x61, 0x2f,
    0x4e, 0x6f, 0x72, 0x6f, 0x6e, 0x68, 0x61, 0x00, 0x41, 0x74, 0x6c, 0x61,
    0x6e, 0x74, 0x69, 0x63, 0x2f, 0x53, 0x6f, 0x75, 0x74, 0x68, 0x5f, 0x47,
    0x65, 0x6f, 0x72, 0x67, 0x69, 0x61, 0x00, 0x75, 0x74, 0x63, 0x2d, 0x30,
    0x38, 0x00, 0x45, 0x74, 0x63, 0x2f, 0x47, 0x4d, 0x54, 0x2b, 0x38, 0x00,
    0x50, 0x61, 0x63, 0x69, 0x66, 0x69, 0x63, 0x2f, 0x50, 0x69, 0x74, 0x63,
    0x61, 0x69, 0x72, 0x6e, 0x00, 0x75, 0x74, 0x63, 0x2d, 0x30, 0x39, 0x00,
    0x45, 0x74, 0x63, 0x2f, 0x47, 0x4d, 0x54, 0x2b, 0x39, 0x00, 0x50, 0x61,
    0x63, 0x69, 0x66, 0x69, 0x63, 0x2f, 0x47, 0x61, 0x6d, 0x62, 0x69, 0x65,
    0x72, 0x00, 0x75, 0x74, 0x63, 0x2d, 0x31, 0x31, 0x00, 0x45, 0x74, 0x63,
    0x2f, 0x47, 0x4d, 0x54, 0x2b, 0x31, 0x31, 0x00, 0x50, 0x61, 0x63, 0x69,
    0x66, 0x69, 0x63, 0x2f, 0x50, 0x61, 0x67, 0x6f, 0x5f, 0x50, 0x61, 0x67,
    0x6f, 0x00, 0x50, 0x61, 0x63, 0x69, 0x66, 0x69, 0x63, 0x2f, 0x4e, 0x69,
    0x75, 0x65, 0x00, 0x50, 0x61, 0x63, 0x69, 0x66, 0x69, 0x63, 0x2f, 0x4d,
    0x69, 0x64, 0x77, 0x61, 0x79, 0x00, 0x76, 0x65, 0x6e, 0x65, 0x7a, 0x75,
    0x65, 0x6c, 0x61, 0x20, 0x73, 0x74, 0x61, 0x6e, 0x64, 0x61, 0x72, 0x64,
    0x20, 0x74, 0x69, 0x6d, 0x65, 0x00, 0x41, 0x6d, 0x65, 0x72, 0x69, 0x63,
    0x61, 0x2f, 0x43, 0x61, 0x72, 0x61, 0x63, 0x61, 0x73, 0x00, 0x76, 0x6c,
    0x61, 0x64, 0x69, 0x76, 0x6f, 0x73, 0x74, 0x6f, 0x6b, 0x20, 0x73, 0x74,
    0x61, 0x6e, 0x64, 0x61, 0x72, 0x64, 0x20, 0x74, 0x69, 0x6d, 0x65, 0x00,
    0x41, 0x73, 0x69, 0x61, 0x2f, 0x56, 0x6c, 0x61, 0x64, 0x69, 0x76, 0x6f,
    0x73, 0x74, 0x6f, 0x6b, 0x00, 0x41, 0x73, 0x69, 0x61, 0x2f, 0x56, 0x6c,
    0x61, 0x64, 0x69, 0x76, 0x6f, 0x73, 0x74, 0x6f, 0x6b, 0x20, 0x41, 0x73,
    0x69, 0x61, 0x2f, 0x55, 0x73, 0x74, 0x2d, 0x4e, 0x65, 0x72, 0x61, 0x00,
    0x76, 0x6f, 0x6c, 0x67, 0x6f, 0x67, 0x72, 0x61, 0x64, 0x20, 0x73, 0x74,
    0x61, 0x6e, 0x64, 0x61, 0x72, 0x64, 0x20, 0x74, 0x69, 0x6d, 0x65, 0x00,
    0x45, 0x75, 0x72, 0x6f, 0x70, 0x65, 0x2f, 0x56, 0x6f, 0x6c, 0x67, 0x6f,
    0x67, 0x72, 0x61, 0x64, 0x00, 0x77, 0x2e, 0x20, 0x61, 0x75, 0x73, 0x74,
    0x72, 0x61, 0x6c, 0x69, 0x61, 0x20, 0x73, 0x74, 0x61, 0x6e, 0x64, 0x61,
    0x72, 0x64, 0x20, 0x74, 0x69, 0x6d, 0x65, 0x00, 0x41, 0x75, 0x73, 0x74,
    0x72, 0x61, 0x6c, 0x69, 0x61, 0x2f, 0x50, 0x65, 0x72, 0x74, 0x68, 0x00,
    0x77, 0x2e, 0x20, 0x63, 0x65, 0x6e, 0x74, 0x72, 0x61, 0x6c, 0x20, 0x61,
    0x66, 0x72, 0x69, 0x63, 0x61, 0x20, 0x73, 0x74, 0x61, 0x6e, 0x64, 0x61,
    0x72, 0x64, 0x20, 0x74, 0x69, 0x6d, 0x65, 0x00, 0x41, 0x66, 0x72, 0x69,
    0x63, 0x61, 0x2f, 0x4c, 0x61, 0x67, 0x6f, 0x73, 0x00, 0x41, 0x66, 0x72,
    0x69, 0x63, 0x61, 0x2f, 0x4c, 0x75, 0x61, 0x6e, 0x64, 0x61, 0x00, 0x41,
    0x66, 0x72, 0x69, 0x63, 0x61, 0x2f, 0x50, 0x6f, 0x72, 0x74, 0x6f, 0x2d,
    0x4e, 0x6f, 0x76, 0x6f, 0x00, 0x41, 0x66, 0x72, 0x69, 0x63, 0x61, 0x2f,
    0x4b, 0x69, 0x6e, 0x73, 0x68, 0x61, 0x73, 0x61, 0x00, 0x41, 0x66, 0x72,
    0x69, 0x63, 0x61, 0x2f, 0x42, 0x61, 0x6e, 0x67, 0x75, 0x69, 0x00, 0x41,
    0x66, 0x72, 0x69, 0x63, 0x61, 0x2f, 0x42, 0x72, 0x61, 0x7a, 0x7a, 0x61,
    0x76, 0x69, 0x6c, 0x6c, 0x65, 0x00, 0x41, 0x66, 0x72, 0x69, 0x63, 0x61,
    0x2f, 0x44, 0x6f, 0x75, 0x61, 0x6c, 0x61, 0x00, 0x41, 0x66, 0x72, 0x69,
    0x63, 0x61, 0x2f, 0x41, 0x6c, 0x67, 0x69, 0x65, 0x72, 0x73, 0x00, 0x41,
    0x66, 0x72, 0x69, 0x63, 0x61, 0x2f, 0x4c, 0x69, 0x62, 0x72, 0x65, 0x76,
    0x69, 0x6c, 0x6c, 0x65, 0x00, 0x41, 0x66, 0x72, 0x69, 0x63, 0x61, 0x2f,
    0x4d, 0x61, 0x6c, 0x61, 0x62, 0x6f, 0x00, 0x41, 0x66, 0x72, 0x69, 0x63,
    0x61, 0x2f, 0x4e, 0x69, 0x61, 0x6d, 0x65, 0x79, 0x00, 0x41, 0x66, 0x72,
    0x69, 0x63, 0x61, 0x2f, 0x4e, 0x64, 0x6a, 0x61, 0x6d, 0x65, 0x6e, 0x61,
    0x00, 0x41, 0x66, 0x72, 0x69, 0x63, 0x61, 0x2f, 0x54, 0x75, 0x6e, 0x69,
    0x73, 0x00, 0x45, 0x74, 0x63, 0x2f, 0x47, 0x4d, 0x54, 0x2d, 0x31, 0x00,
    0x77, 0x2e, 0x20, 0x65, 0x75, 0x72, 0x6f, 0x70, 0x65, 0x20, 0x73, 0x74,
    0x61, 0x6e, 0x64, 0x61, 0x72, 0x64, 0x20, 0x74, 0x69, 0x6d, 0x65, 0x00,
    0x45, 0x75, 0x72, 0x6f, 0x70, 0x65, 0x2f, 0x42, 0x65, 0x72, 0x6c, 0x69,
    0x6e, 0x00, 0x45, 0x75, 0x72, 0x6f, 0x70, 0x65, 0x2f, 0x41, 0x6e, 0x64,
    0x6f, 0x72, 0x72, 0x61, 0x00, 0x45, 0x75, 0x72, 0x6f, 0x70, 0x65, 0x2f,
    0x56, 0x69, 0x65, 0x6e, 0x6e, 0x61, 0x00, 0x45, 0x75, 0x72, 0x6f, 0x70,
    0x65, 0x2f, 0x5a, 0x75, 0x72, 0x69, 0x63, 0x68, 0x00, 0x45, 0x75, 0x72,
    0x6f, 0x70, 0x65, 0x2f, 0x42, 0x65, 0x72, 0x6c, 0x69, 0x6e, 0x20, 0x45,
    0x75, 0x72, 0x6f, 0x70, 0x65, 0x2f, 0x42, 0x75, 0x73, 0x69, 0x6e, 0x67,
    0x65, 0x6e, 0x00, 0x45, 0x75, 0x72, 0x6f, 0x70, 0x65, 0x2f, 0x47, 0x69,
    0x62, 0x72, 0x61, 0x6c, 0x74, 0x61, 0x72, 0x00, 0x45, 0x75, 0x72, 0x6f,
    0x70, 0x65, 0x2f, 0x52, 0x6f, 0x6d, 0x65, 0x00, 0x45, 0x75, 0x72, 0x6f,
    0x70, 0x65, 0x2f, 0x56, 0x61, 0x64, 0x75, 0x7a, 0x00, 0x45, 0x75, 0x72,
    0x6f, 0x70, 0x65, 0x2f, 0x4c, 0x75, 0x78, 0x65, 0x6d, 0x62, 0x6f, 0x75,
    0x72, 0x67, 0x00, 0x45, 0x75, 0x72, 0x6f, 0x70, 0x65, 0x2f, 0x4d, 0x6f,
    0x6e, 0x61, 0x63, 0x6f, 0x00, 0x45, 0x75, 0x72, 0x6f, 0x70, 0x65, 0x2f,
    0x4d, 0x61, 0x6c, 0x74, 0x61, 0x00, 0x45, 0x75, 0x72, 0x6f, 0x70, 0x65,
    0x2f, 0x41, 0x6d, 0x73, 0x74, 0x65, 0x72, 0x64, 0x61, 0x6d, 0x00, 0x45,
    0x75, 0x72, 0x6f, 0x70, 0x65, 0x2f, 0x4f, 0x73, 0x6c, 0x6f, 0x00, 0x45,
    0x75, 0x72, 0x6f, 0x70, 0x65, 0x2f, 0x53, 0x74, 0x6f, 0x63, 0x6b, 0x68,
    0x6f, 0x6c, 0x6d, 0x00, 0x41, 0x72, 0x63, 0x74, 0x69, 0x63, 0x2f, 0x4c,
    0x6f, 0x6e, 0x67, 0x79, 0x65, 0x61, 0x72, 0x62, 0x79, 0x65, 0x6e, 0x00,
    0x45, 0x75, 0x72, 0x6f, 0x70, 0x65, 0x2f, 0x53, 0x61, 0x6e, 0x5f, 0x4d,
    0x61, 0x72, 0x69, 0x6e, 0x6f, 0x00, 0x45, 0x75, 0x72, 0x6f, 0x70, 0x65,
    0x2f, 0x56, 0x61, 0x74, 0x69, 0x63, 0x61, 0x6e, 0x00, 0x77, 0x2e, 0x20,
    0x6d, 0x6f, 0x6e, 0x67, 0x6f, 0x6c, 0x69, 0x61, 0x20, 0x73, 0x74, 0x61,
    0x6e, 0x64, 0x61, 0x72, 0x64, 0x20, 0x74, 0x69, 0x6d, 0x65, 0x00, 0x41,
    0x73, 0x69, 0x61, 0x2f, 0x48, 0x6f, 0x76, 0x64, 0x00, 0x77, 0x65, 0x73,
    0x74, 0x20, 0x61, 0x73, 0x69, 0x61, 0x20, 0x73, 0x74, 0x61, 0x6e, 0x64,
    0x61, 0x72, 0x64, 0x20, 0x74, 0x69, 0x6d, 0x65, 0x00, 0x41, 0x73, 0x69,
    0x61, 0x2f, 0x54, 0x61, 0x73, 0x68, 0x6b, 0x65, 0x6e, 0x74, 0x00, 0x41,
    0x6e, 0x74, 0x61, 0x72, 0x63, 0x74, 0x69, 0x63, 0x61, 0x2f, 0x4d, 0x61,
    0x77, 0x73, 0x6f, 0x6e, 0x00, 0x41, 0x73, 0x69, 0x61, 0x2f, 0x4f, 0x72,
    0x61, 0x6c, 0x20, 0x41, 0x73, 0x69, 0x61, 0x2f, 0x41, 0x6c, 0x6d, 0x61,
    0x74, 0x79, 0x20, 0x41, 0x73, 0x69, 0x61, 0x2f, 0x41, 0x71, 0x74, 0x61,
    0x75, 0x20, 0x41, 0x73, 0x69, 0x61, 0x2f, 0x41, 0x71, 0x74, 0x6f, 0x62,
    0x65, 0x20, 0x41, 0x73, 0x69, 0x61, 0x2f, 0x41, 0x74, 0x79, 0x72, 0x61,
    0x75, 0x20, 0x41, 0x73, 0x69, 0x61, 0x2f, 0x51, 0x6f, 0x73, 0x74, 0x61,
    0x6e, 0x61, 0x79, 0x00, 0x49, 0x6e, 0x64, 0x69, 0x61, 0x6e, 0x2f, 0x4d,
    0x61, 0x6c, 0x64, 0x69, 0x76, 0x65, 0x73, 0x00, 0x49, 0x6e, 0x64, 0x69,
    0x61, 0x6e, 0x2f, 0x4b, 0x65, 0x72, 0x67, 0x75, 0x65, 0x6c, 0x65, 0x6e,
    0x00, 0x41, 0x73, 0x69, 0x61, 0x2f, 0x44, 0x75, 0x73, 0x68, 0x61, 0x6e,
    0x62, 0x65, 0x00, 0x41, 0x73, 0x69, 0x61, 0x2f, 0x41, 0x73, 0x68, 0x67,
    0x61, 0x62, 0x61, 0x74, 0x00, 0x41, 0x73, 0x69, 0x61, 0x2f, 0x54, 0x61,
    0x73, 0x68, 0x6b, 0x65, 0x6e, 0x74, 0x20, 0x41, 0x73, 0x69, 0x61, 0x2f,
    0x53, 0x61, 0x6d, 0x61, 0x72, 0x6b, 0x61, 0x6e, 0x64, 0x00, 0x45, 0x74,
    0x63, 0x2f, 0x47, 0x4d, 0x54, 0x2d, 0x35, 0x00, 0x77, 0x65, 0x73, 0x74,
    0x20, 0x62, 0x61, 0x6e, 0x6b, 0x20, 0x73, 0x74, 0x61, 0x6e, 0x64, 0x61,
    0x72, 0x64, 0x20, 0x74, 0x69, 0x6d, 0x65, 0x00, 0x41, 0x73, 0x69, 0x61,
    0x2f, 0x48, 0x65, 0x62, 0x72, 0x6f, 0x6e, 0x00, 0x41, 0x73, 0x69, 0x61,
    0x2f, 0x48, 0x65, 0x62, 0x72, 0x6f, 0x6e, 0x20, 0x41, 0x73, 0x69, 0x61,
    0x2f, 0x47, 0x61, 0x7a, 0x61, 0x00, 0x77, 0x65, 0x73, 0x74, 0x20, 0x70,
    0x61, 0x63, 0x69, 0x66, 0x69, 0x63, 0x20, 0x73, 0x74, 0x61, 0x6e, 0x64,
    0x61, 0x72, 0x64, 0x20, 0x74, 0x69, 0x6d, 0x65, 0x00, 0x50, 0x61, 0x63,
    0x69, 0x66, 0x69, 0x63, 0x2f, 0x50, 0x6f, 0x72, 0x74, 0x5f, 0x4d, 0x6f,
    0x72, 0x65, 0x73, 0x62, 0x79, 0x00, 0x41, 0x6e, 0x74, 0x61, 0x72, 0x63,
    0x74, 0x69, 0x63, 0x61, 0x2f, 0x44, 0x75, 0x6d, 0x6f, 0x6e, 0x74, 0x44,
    0x55, 0x72, 0x76, 0x69, 0x6c, 0x6c, 0x65, 0x00, 0x50, 0x61, 0x63, 0x69,
    0x66, 0x69, 0x63, 0x2f, 0x54, 0x72, 0x75, 0x6b, 0x00, 0x50, 0x61, 0x63,
    0x69, 0x66, 0x69, 0x63, 0x2f, 0x47, 0x75, 0x61, 0x6d, 0x00, 0x50, 0x61,
    0x63, 0x69, 0x66, 0x69, 0x63, 0x2f, 0x53, 0x61, 0x69, 0x70, 0x61, 0x6e,
    0x00, 0x45, 0x74, 0x63, 0x2f, 0x47, 0x4d, 0x54, 0x2d, 0x31, 0x30, 0x00,
    0x79, 0x61, 0x6b, 0x75, 0x74, 0x73, 0x6b, 0x20, 0x73, 0x74, 0x61, 0x6e,
    0x64, 0x61, 0x72, 0x64, 0x20, 0x74, 0x69, 0x6d, 0x65, 0x00, 0x41, 0x73,
    0x69, 0x61, 0x2f, 0x59, 0x61, 0x6b, 0x75, 0x74, 0x73, 0x6b, 0x00, 0x41,
    0x73, 0x69, 0x61, 0x2f, 0x59, 0x61, 0x6b, 0x75, 0x74, 0x73, 0x6b, 0x20,
    0x41, 0x73, 0x69, 0x61, 0x2f, 0x4b, 0x68, 0x61, 0x6e, 0x64, 0x79, 0x67,
    0x61, 0x00, 0x79, 0x75, 0x6b, 0x6f, 0x6e, 0x20, 0x73, 0x74, 0x61, 0x6e,
    0x64, 0x61, 0x72, 0x64, 0x20, 0x74, 0x69, 0x6d, 0x65, 0x00, 0x41, 0x6d,
    0x65, 0x72, 0x69, 0x63, 0x61, 0x2f, 0x57, 0x68, 0x69, 0x74, 0x65, 0x68,
    0x6f, 0x72, 0x73, 0x65, 0x00, 0x41, 0x6d, 0x65, 0x72, 0x69, 0x63, 0x61,
    0x2f, 0x57, 0x68, 0x69, 0x74, 0x65, 0x68, 0x6f, 0x72, 0x73, 0x65, 0x20,
    0x41, 0x6d, 0x65, 0x72, 0x69, 0x63, 0x61, 0x2f, 0x44, 0x61, 0x77, 0x73,
    0x6f, 0x6e, 0x00,
};
